timestamp,temperature,humidity,pressure,wind_speed,rainfall
2026-01-01 00:00:00,31.4901424590337,78.99355436586002,1006.6241086251281,5.4609622106130455,0.6636233061595189
2026-01-01 01:00:00,29.585207096486446,74.24633682912769,1009.2774066464224,10.69807494610249,0.08927178086526871
2026-01-01 02:00:00,31.94306561430208,65.59630369920174,1006.0379003950002,12.931972332891778,3.592166260009256
2026-01-01 03:00:00,34.569089569224076,58.53063222294426,1008.4601923518048,24.43843828670095,0.7298328070248494
2026-01-01 04:00:00,29.29753987582999,71.9822331361359,1000.531926665231,17.78276562266879,0.9524005241928168
2026-01-01 05:00:00,29.29758912915246,68.9348538542175,1011.0664685368647,8.322592154500544,0.26998595340795933
2026-01-01 06:00:00,34.737638446522176,73.95193220027733,1010.0060273768112,17.430181447088184,0.6606762829884718
2026-01-01 07:00:00,32.302304187458724,71.35171801681969,1005.914556844659,7.263480055308173,0.5606279108861615
2026-01-01 08:00:00,28.591576842195146,75.49552715319335,1013.2962283421621,20.413455269435367,0.07784894456788227
2026-01-01 09:00:00,31.627680130757895,59.64764788439432,1014.6878506881328,12.644376740910607,0.11222888628088813
2026-01-01 10:00:00,28.609746921562614,78.17394065634326,1001.9622006781551,14.531819056304146,1.816908181471525
2026-01-01 11:00:00,28.60281073928923,66.975996046924,1006.1863761071689,21.62898323771095,0.2741999687679879
2026-01-01 12:00:00,30.725886814698104,85.75260872625265,1006.1542882510635,8.56418215707875,0.21686116625938234
2026-01-01 13:00:00,24.260159266026605,58.10812181910432,1005.3004844944556,8.014409074435044,0.7030186460483493
2026-01-01 14:00:00,24.8252465024609,82.3596380316525,1014.1473742096588,12.082003368269977,1.46424349774768
2026-01-01 15:00:00,28.313137412277083,66.97910783462648,1009.030869306136,20.191894255096585,0.06394831516097645
2026-01-01 16:00:00,26.961506638996728,58.48581996385552,1008.6774257934469,7.403269622615788,0.8599291123141335
2026-01-01 17:00:00,30.94274199778582,60.16114165945678,999.9806881779663,0.8392220094471554,0.12693654972997867
2026-01-01 18:00:00,27.27592777343637,61.7965269180568,1013.1770901510462,12.744205707955006,0.03714236726975136
2026-01-01 19:00:00,25.763088895994127,69.24165946401916,1003.8037080257326,17.7587039995546,0.05418584447695962
2026-01-01 20:00:00,34.39694630676466,70.228354880355,1010.2996631513316,21.001308748694147,1.796756583281812
2026-01-01 21:00:00,29.322671098540393,59.26299996061421,1011.3868846897909,12.684193189573005,0.12553202576137343
2026-01-01 22:00:00,30.20258461406377,64.75645407739017,1016.8032929791932,12.942866964419988,0.04620244783014457
2026-01-01 23:00:00,25.72575544135963,86.42270358611864,1003.4558980044044,20.769503671278734,0.5760753081965301
2026-01-02 00:00:00,28.36685182642445,82.27543170100711,994.9024392208959,5.651291501522897,1.8578574260826592
2026-01-02 01:00:00,30.3327677691296,69.36323669674032,1010.9192477237684,13.057396124084953,0.3043649632159809
2026-01-02 02:00:00,26.54701926773309,65.380034781682,1019.0025559075543,15.95211944962529,0.5476843323612204
2026-01-02 03:00:00,31.127094055037016,66.20031326718261,1016.1947317646972,17.24609360642517,0.04074130252984888
2026-01-02 04:00:00,28.198083930243584,71.13517972730416,1011.0482970763732,12.450966534045588,0.5961629738751385
2026-01-02 05:00:00,29.124918750620168,54.77207434801595,1007.5418190718398,15.172205058529206,0.8618335144870424
2026-01-02 06:00:00,28.194880163311808,62.42623462576655,1014.0356129831865,2.5583632329350525,0.8460817256006494
2026-01-02 07:00:00,35.55683455352681,48.314159261224106,1005.1322690014777,11.70875793833076,0.4041060702801168
2026-01-02 08:00:00,29.9595083257862,68.9922312260528,1012.3817888467811,17.26754356277234,0.3791151097355419
2026-01-02 09:00:00,26.8268672131323,71.4719593970274,1012.5273507958332,10.088529828726603,0.11274730754879739
2026-01-02 10:00:00,32.46763473630957,60.16813537700626,1015.3010495374944,15.294921107947987,0.4569662988092903
2026-01-02 11:00:00,26.337469050086934,80.73986763290033,1023.7983001945554,17.23436250401349,0.10479919419815874
2026-01-02 12:00:00,30.626590785014265,52.74234336997659,1011.9620798358939,13.287253995711175,1.4549841844393696
2026-01-02 13:00:00,24.120989628360675,50.3562511979018,1007.4551818714625,15.852318854982855,3.389495054219591
2026-01-02 14:00:00,26.015441853304708,67.24451818559972,1009.87212843904,10.186337173576938,3.5090428712019044
2026-01-02 15:00:00,30.590583707607372,75.47098302612154,1001.1546204755545,13.966943601519766,2.0030073013188274
2026-01-02 16:00:00,32.21539973998623,81.83927691457869,1006.5264343445547,18.051080847946114,0.918273068755283
2026-01-02 17:00:00,30.51410484356991,60.4111573713106,1007.9535878094345,15.78486480484217,1.206862633342097
2026-01-02 18:00:00,29.65305515283528,75.78680833431295,1007.3795580103271,12.067343652180323,0.33576061363750065
2026-01-02 19:00:00,29.096688913232132,64.61491530499293,1010.7617743601686,16.121082021453965,0.9963366608537274
2026-01-02 20:00:00,25.56443402889772,63.273727000591805,1005.887900338089,18.57304895318309,0.6081620289523006
2026-01-02 21:00:00,27.840467374815873,73.83659937486672,1015.6051533366224,4.75029360711261,0.6578135117557793
2026-01-02 22:00:00,28.618083687120638,71.52322878413419,1010.0010353245909,20.79537032477949,1.4178946745737333
2026-01-02 23:00:00,33.171366678656746,49.236078430157505,1009.953498394307,13.318726306594641,0.33117200553116594
2026-01-03 00:00:00,31.030854868705383,79.76540349725896,1008.3605264174354,17.12744966620115,0.38278370448899895
2026-01-03 01:00:00,24.7108795339118,78.80091354147451,1010.7759534192949,20.98623461822614,2.585502416627013
2026-01-03 02:00:00,30.972251908184386,58.74437298490471,1014.1254913233382,8.14163151384767,0.05786674154582667
2026-01-03 03:00:00,28.84475315875105,68.95803533437409,1005.6643489214455,11.452794987862267,0.6648207848239704
2026-01-03 04:00:00,27.969233999082125,69.94030186282738,1006.7094175546238,13.557256520621475,2.43956012709857
2026-01-03 05:00:00,31.835028866522602,67.60673765823907,1008.4813698561167,11.081232394377858,0.9425397625891
2026-01-03 06:00:00,33.092998567487854,59.4969484615458,1003.2706453826339,23.67468287918404,0.7905551223959676
2026-01-03 07:00:00,32.79384035734859,58.283766320619485,1005.9037107013925,10.716139530866037,0.2873410362503778
2026-01-03 08:00:00,27.482347430332084,64.74445929008554,1007.6188956322767,12.222266102565667,0.42049066207859354
2026-01-03 09:00:00,29.072362872446355,76.72729019259364,1014.3719459035636,16.021945158014884,1.9108701925534537
2026-01-03 10:00:00,30.99379029421069,70.43600154594432,1011.3128066450096,8.989252369619557,0.8192051557654433
2026-01-03 11:00:00,32.92663538136708,61.29385667913894,1010.9679495568378,13.02159644121868,0.7230749700078632
2026-01-03 12:00:00,28.56247728646413,72.71698710648344,1014.2544898108399,16.587266306250875,0.1048936397058432
2026-01-03 13:00:00,29.44302307000855,36.51457379369924,1009.313141058003,13.335697978087444,0.01615799662294176
2026-01-03 14:00:00,26.680995077981915,76.48765700372104,1011.9523242496444,14.533065705500258,3.315529595780795
2026-01-03 15:00:00,26.411380127757987,47.60286221221901,1009.4838912353375,12.353339437758146,0.4731865570492681
2026-01-03 16:00:00,32.43757746718259,61.37559058596868,1011.3268117469981,7.427648454096165,0.9243558227107893
2026-01-03 17:00:00,34.06872008571247,53.803301053738565,1007.086206711942,16.607966056696192,0.08307195382984446
2026-01-03 18:00:00,29.783969635258998,52.053185242790946,997.8059142086179,23.774665358236206,1.1492140928944559
2026-01-03 19:00:00,33.01059869367607,76.6082678737852,1009.3286041890685,15.09200815391719,2.696616446896824
2026-01-03 20:00:00,31.084908075142902,60.32298798688109,1017.1137406804997,16.126320586237746,0.857232637591916
2026-01-03 21:00:00,28.06464073618463,68.46503881730716,1014.6310770112079,18.463613775584296,0.1348068598304307
2026-01-03 22:00:00,31.084186816525243,64.53079421120816,1014.8269874229559,8.653347517266504,0.8716078660550046
2026-01-03 23:00:00,34.61410969939791,69.77040827223121,1016.1806536090311,23.512573290648028,1.4539190822571562
2026-01-04 00:00:00,29.892521882670145,65.76821891060256,1010.4432879548071,16.01164398211401,0.5215774456268805
2026-01-04 01:00:00,34.69393096744202,52.1700777581143,1010.986578537028,23.159284495445544,2.118912348977063
2026-01-04 02:00:00,22.140764687730766,74.9626681944714,1006.9117405228283,11.334835022380053,1.0460661964280917
2026-01-04 03:00:00,32.46570751312567,60.06243416838687,1008.4196357198648,24.090309612789124,2.2951023416293834
2026-01-04 04:00:00,30.261141204714512,49.434181013402494,1013.0788557488557,18.875777470173915,0.97685133874033
2026-01-04 05:00:00,29.102977948602398,60.718848390340874,1016.0194221858441,17.765200429261792,0.14074359184092333
2026-01-04 06:00:00,30.275282329606508,80.00759790634311,1009.302768621595,16.17012227176574,0.37061698567449464
2026-01-04 07:00:00,24.037293256197323,73.50221742113493,1007.749053675743,13.757356909627752,0.2253897574630221
2026-01-04 08:00:00,29.340984336487463,61.51347865592141,1010.002639794283,21.00265829236936,2.394990969259302
2026-01-04 09:00:00,31.07133771453524,61.50742295681571,1013.0060337446456,15.701799349240234,1.4287846935734476
2026-01-04 10:00:00,34.43368213422455,61.783649487826175,1002.7807259193323,5.164651482064238,1.1282420533593478
2026-01-04 11:00:00,28.44518934517906,85.76747983560841,998.5190952343138,9.414067691464988,0.3580563542633727
2026-01-04 12:00:00,27.574519191320437,68.81935452231554,1007.2473157525421,14.070771239036263,0.20339579323191284
2026-01-04 13:00:00,28.49472886924639,69.3004164719107,1003.8964378704292,16.549994915827774,1.4124374859492197
2026-01-04 14:00:00,32.746206353106224,75.30283454031843,1007.4592990117634,14.71705755550052,0.642754388673347
2026-01-04 15:00:00,30.986253328979053,67.38789159026514,1009.2610984059127,21.094853948968314,0.2559115459033342
2026-01-04 16:00:00,28.410719388698883,62.40957854179297,1007.7337579548849,5.244490679806876,0.9587337743884371
2026-01-04 17:00:00,31.539802299340067,63.03650150915022,1017.2623376723537,15.7179396825258,0.04116981764792729
2026-01-04 18:00:00,30.291232648044122,64.28398740585936,1011.6337238230116,5.910103873064227,0.3947778025434058
2026-01-04 19:00:00,32.90593497159867,64.62777763490159,1011.5023717980541,18.79856147742084,0.6321593204234969
2026-01-04 20:00:00,27.893840718367944,72.2762954363698,1013.111035720217,14.527706427789987,0.1601198497211068
2026-01-04 21:00:00,29.017013560206696,65.519458858073,1004.3058344110962,17.09804986012059,4.176931547230534
2026-01-04 22:00:00,28.823675540603528,72.3264007721558,1015.1955589371014,10.680585197051169,0.23458040929594245
2026-01-04 23:00:00,25.609455155603644,64.19283419891417,1009.6211785673227,21.397324658288756,0.1396680463332854
2026-01-05 00:00:00,30.88836083119373,65.7863519031609,1013.3524030862061,20.208623320294258,0.22757193450381827
2026-01-05 01:00:00,30.783165816539668,45.01799315467892,1004.6407138347993,17.917721515059437,1.4656022491982919
2026-01-05 02:00:00,30.015340369927383,74.16327674702481,1002.2312061699197,14.352413765682796,0.5542650325196402
2026-01-05 03:00:00,29.29623859987456,68.46488475897992,1014.0894482901251,17.899286426475662,0.8333658886675275
2026-01-05 04:00:00,55.0,15.0,950.0,80.0,0.0
2026-01-05 05:00:00,28.738064031703924,36.03744621806311,1005.4897422282124,19.27777829510356,0.03503803368193405
2026-01-05 06:00:00,28.971856450419693,85.88374704780728,1005.6516845936266,23.247404471619603,0.5902757497939404
2026-01-05 07:00:00,27.593168192335142,63.604103718448265,1015.6271739220739,20.35305279989593,1.6963869815555794
2026-01-05 08:00:00,29.516142865001974,76.08182816737516,1004.0529405356633,11.351987650962952,2.164902517156557
2026-01-05 09:00:00,31.212152570443614,54.60094072874469,1018.2133647662798,16.807086586365514,0.09069805637095328
2026-01-05 10:00:00,35.65855770363159,71.12773905062569,1005.4968963267606,8.534292281206762,0.7729766321930504
2026-01-05 11:00:00,30.523733438495515,54.46584436826344,1013.1919596280419,17.861951555878377,2.444490723639544
2026-01-05 12:00:00,30.772651172168292,58.76231039304195,1008.3569076212551,17.253017064312694,0.4909784785030483
2026-01-05 13:00:00,29.7766622527015,84.14031353866787,1013.0159371554117,5.65091830233918,1.7694061649017576
2026-01-05 14:00:00,24.243686354102877,63.09317599236653,1007.279429989429,9.191080780438181,0.1435189938218563
2026-01-05 15:00:00,29.920458373652348,67.17432873179723,1009.1860354696386,13.584305516281164,2.739455572571274
2026-01-05 16:00:00,30.18069062982308,73.70067730688754,1010.2045958769786,13.49570126429587,1.3920038996839228
2026-01-05 17:00:00,37.389726337455855,69.95681887972604,1004.9890627210926,8.952615322905974,2.8359016316428005
2026-01-05 18:00:00,29.422917105656634,66.50418905143576,1013.7041217271006,16.944893646760917,1.1289186219185965
2026-01-05 19:00:00,30.904642027000836,68.64961002466225,1007.4339321676421,16.25736804470256,0.4516199407153104
2026-01-05 20:00:00,29.89586469088427,89.03415585238275,1008.8570004233,14.028654340107403,2.7835473092118788
2026-01-05 21:00:00,26.493965887141403,64.42381202966415,1005.0282531269575,11.221042499208185,0.3223656902879484
2026-01-05 22:00:00,33.428468443545064,67.01099046714967,997.1883317060234,20.243535632082818,0.4037254053615224
2026-01-05 23:00:00,32.25579909806032,75.50654396007612,1009.0448611869991,23.277035565441476,1.206671168310167
2026-01-06 00:00:00,32.37309584112914,76.05525932957984,1022.0630771080646,12.582192580767314,1.4495166268767568
2026-01-06 01:00:00,27.271837635615782,76.8703030556038,1013.9230214394901,11.939165414225897,2.650774482005805
2026-01-06 02:00:00,34.2083829328083,71.38730222029184,1009.903698101328,17.456038327059982,0.22916465314160706
2026-01-06 03:00:00,25.794446811623157,53.569950872695166,1008.6855458539586,13.209853101265068,1.5994778549907307
2026-01-06 04:00:00,31.76057128140081,81.33431532301096,1010.1123294640603,14.303013996683829,1.3414971234034583
2026-01-06 05:00:00,36.57136687742994,53.53654606981312,1012.735595575876,18.698265758623357,0.06592033540715676
2026-01-06 06:00:00,27.028391024607934,68.02635465239034,1004.0959359234557,5.453219562463536,0.48975442434028477
2026-01-06 07:00:00,28.301106811191683,57.45724149980642,1015.5716084733443,21.591511624263347,0.3323523748026486
2026-01-06 08:00:00,30.298954095262925,64.35861653407008,1013.5769065772063,15.363402621646706,0.3631104997105856
2026-01-06 09:00:00,28.489573037651404,68.2876241030348,1013.5909286285397,12.942534277189099,4.0714220746786385
2026-01-06 10:00:00,25.3480097068016,68.21357215450273,1012.1923786940487,14.553829228892756,1.029396199839801
2026-01-06 11:00:00,30.205688924418084,69.21920754235285,1010.09808328847,14.812146775102594,1.264700490305277
2026-01-06 12:00:00,26.813088858821686,81.13711269058646,1013.3643061798341,6.343993482775373,3.755773272227464
2026-01-06 13:00:00,31.420777291905544,69.5353430151398,1012.9590706687069,22.47469113726618,0.4735327010328741
2026-01-06 14:00:00,27.241727297298592,62.558433647093516,1008.2297964452949,15.206628161353093,1.6186813438862042
2026-01-06 15:00:00,34.649803215052614,74.64087168288357,1007.1319911355155,17.215010652236877,0.5700997387791121
2026-01-06 16:00:00,27.65024012299129,76.89470488924641,1010.50928147631,19.757748852870215,2.0366401070834077
2026-01-06 17:00:00,29.033815451382974,52.72392184863008,1017.7451007574759,9.894187712198498,0.19925314004922975
2026-01-06 18:00:00,32.44055165210901,70.97400069849859,1003.8044646217305,17.367359495176142,2.9504946419583877
2026-01-06 19:00:00,26.307407050698135,72.01172742310898,1002.6623736712378,13.661794545506032,0.2468878650835111
2026-01-06 20:00:00,30.68237980381239,62.02436496640008,1010.8238042061826,19.23385387608247,0.3948523832916688
2026-01-06 21:00:00,33.921428262847286,78.75706813311619,1010.2544385092801,4.363862898242523,1.411375208901592
2026-01-06 22:00:00,25.17755029631632,63.499444129674735,1010.866708321852,14.504528498793656,0.500471317699037
2026-01-06 23:00:00,30.553901575596914,66.25576453471542,1011.2197659895425,11.985896721080191,0.9370328110715549
2026-01-07 00:00:00,30.779648382745272,63.2692817571613,1008.8839887268259,17.161314753170778,0.5880189938133619
2026-01-07 01:00:00,32.34546861533193,65.15579047581467,1017.4493171930104,17.350220936841012,1.3562305877172878
2026-01-07 02:00:00,26.289147867365756,54.037249131047986,1001.9954801076174,11.46187052588987,0.25919990441900526
2026-01-07 03:00:00,26.03863016074717,50.59949117405706,1005.8575148760988,11.439130679119781,0.060236308658930524
2026-01-07 04:00:00,31.565824696850694,80.94505063224972,1009.4837261992548,14.446673157213352,0.3565740882720736
2026-01-07 05:00:00,30.890954019699556,56.53038651681672,1001.7840559442292,10.516788863423958,0.6430410538271562
2026-01-07 06:00:00,30.75147855103763,55.08607650543693,1009.1207279778397,19.209918477260636,0.18394693964449016
2026-01-07 07:00:00,31.039344628490927,43.466098863962856,1018.3073508286401,13.15396399776277,0.4381907319593558
2026-01-07 08:00:00,27.959925835264528,58.610382523104974,1010.1044324414798,0.46505890339179246,0.5107973213224561
2026-01-07 09:00:00,30.696761091483012,51.76910206592502,1011.1535045285934,13.125889716890969,0.05910461153638691
2026-01-07 10:00:00,30.879217419896044,81.4201516013637,1003.699176174137,9.807280895780139,0.8754061349555619
2026-01-07 11:00:00,27.856945745920896,75.09817089342634,1006.9181929598026,6.843620922695273,2.157130065038925
2026-01-07 12:00:00,35.59732353343427,58.118496548222765,1008.1240180983804,8.812866808887136,0.16457152044913623
2026-01-07 13:00:00,31.42149876273536,87.52435805344308,1008.4114245162189,15.54704235916485,0.9108257257642822
2026-01-07 14:00:00,26.426089508392053,74.81765486991594,1016.4082189750188,21.643204141241156,1.092846557221972
2026-01-07 15:00:00,31.96966082590149,61.75168616491378,1012.7884553036256,16.565922369324902,0.5435807301359346
2026-01-07 16:00:00,27.075954989318035,40.005942851264265,1004.4427102153148,11.967483058921301,1.2076381380094312
2026-01-07 17:00:00,32.36125381122736,87.90942572590743,1011.23252389216,17.279520975853515,0.5288734156216517
2026-01-07 18:00:00,33.47578673702221,51.10427533236404,1012.4911087424839,12.70454844890504,0.702465033184062
2026-01-07 19:00:00,27.537953044944867,48.546012530431085,1015.7007451926063,11.526998154184277,0.007380211441347014
2026-01-07 20:00:00,32.890128387732965,75.2257043200964,1017.9027034328419,9.228186658835078,1.1767471883030112
2026-01-07 21:00:00,31.238342780809496,89.39752406339272,1004.9245290408606,6.240855966241405,1.0827665352018028
2026-01-07 22:00:00,32.46618047998347,78.84272818510519,1005.9457124439483,13.050381467202774,0.03915762756261736
2026-01-07 23:00:00,35.69037894796184,70.6390912005236,1003.7121107054269,15.790267449600659,0.4592617027101013
2026-01-08 00:00:00,29.26383565199139,70.94754341665286,1008.8299007044651,14.516881649925551,3.864750220070523
2026-01-08 01:00:00,27.73879150692753,73.53415558780307,1012.3317918722316,12.920165360263207,0.5459979179561858
2026-01-08 02:00:00,27.33145671112343,72.58928589786765,1014.9366725829456,10.271269696516095,0.6970455797169077
2026-01-08 03:00:00,27.552569145103686,67.81191423969376,1009.6202448817874,18.041230958424844,2.4071698891524833
2026-01-08 04:00:00,29.76869487175769,66.04201103951875,1008.4007623837258,8.414340400267076,1.2632341661615545
2026-01-08 05:00:00,31.02345592444993,64.37406872100478,1010.7587899612437,18.880139569217377,0.8724416383427991
2026-01-08 06:00:00,30.830072397990058,57.46035411133324,1005.8242854918499,9.988914905366375,1.598521124696778
2026-01-08 07:00:00,32.48154974710807,62.19324923133226,1020.4476936084739,11.237823813234826,1.9977971619660015
2026-01-08 08:00:00,30.03900567563372,48.07043185804615,1001.9616948644097,7.666074046921615,0.6104398508926483
2026-01-08 09:00:00,34.36060223147195,64.0166037320525,1010.9237028944787,12.492989265571817,0.6445634470898363
2026-01-08 10:00:00,29.20602950028613,55.11408892849083,1020.1180310961482,19.876562292389895,0.48784331136380454
2026-01-08 11:00:00,38.160507499768855,53.964106827842286,1010.0339992227999,17.578140442219784,3.402382283935487
2026-01-08 12:00:00,31.87700204329502,66.79894151153478,1009.0498048249925,19.892110560140175,1.1945713180879818
2026-01-08 13:00:00,27.42852733075115,78.920022863446,1008.2127728859479,17.61071272966968,0.08689109281468552
2026-01-08 14:00:00,26.78732250581666,74.18316606002313,1009.098041591188,9.481650857348153,1.9874796762325901
2026-01-08 15:00:00,31.447417245729557,49.29499396376823,1016.8642423733827,13.346053878362213,0.6550038568828441
2026-01-08 16:00:00,29.329611644022446,55.10371863429663,998.9406904433524,11.099004354412687,0.07123170411325996
2026-01-08 17:00:00,32.14200148227628,74.40771187988216,1017.6671685064816,21.6528745201952,0.7978795716699965
2026-01-08 18:00:00,31.419712873720634,55.175126064616904,1002.8802142377493,9.016056767868442,0.5398499144592432
2026-01-08 19:00:00,29.78151326202938,62.753668500029754,1008.6667383538279,19.468488446945553,2.1016822824396177
2026-01-08 20:00:00,27.459618845794786,70.50052099024552,1007.8537778985067,19.464769350543847,0.2281493137755422
2026-01-08 21:00:00,25.455458325942406,55.31655545136365,1012.9427663488536,24.148101008580436,1.7513737205241442
2026-01-08 22:00:00,28.660455143798938,66.0537550614596,1002.0093782405812,12.951567036852513,0.8157413262354238
2026-01-08 23:00:00,32.56919638297042,51.65974505081795,1012.3108633304097,18.561610797900812,0.056158058940763915
2026-01-09 00:00:00,30.642281232390612,58.98632356048786,1020.1215481164343,26.408259182694213,3.570041022711964
2026-01-09 01:00:00,26.262783663864035,68.19781934142537,1003.1841299770359,11.911791615331516,0.7187014146510948
2026-01-09 02:00:00,30.519542777553546,49.070062664683306,1010.948530838052,7.324798762338202,0.34372607815508743
2026-01-09 03:00:00,31.15595213918651,69.40474737960399,1006.690089111017,5.599949830461181,0.6337597321774264
2026-01-09 04:00:00,27.3484276913966,64.80362201073319,1012.1294360309652,18.563560144306656,1.9509271980472287
2026-01-09 05:00:00,30.461175317836584,70.52489954417148,1010.0957388870787,5.584248959707081,0.3637040537571317
2026-01-09 06:00:00,30.174626155338,67.23914134064661,1006.7925654547785,13.138404735310386,0.21403069541003955
2026-01-09 07:00:00,26.571089106508133,78.64140429973844,1012.4393614243554,17.186565935194803,0.1381951044775152
2026-01-09 08:00:00,31.07336208104485,66.25224502647907,1019.0217405489337,15.92587768414957,0.3536216078176968
2026-01-09 09:00:00,31.682353579104703,60.70594458874747,1009.0454810413635,17.12722432092086,1.514346333976052
2026-01-09 10:00:00,33.24915372952583,66.22297503032284,1013.5987897107409,16.11144927900427,0.6379516038605493
2026-01-09 11:00:00,33.16140615610471,70.43298029036387,1003.5336352106442,21.394329066566968,0.25809945650484006
2026-01-09 12:00:00,25.866991896128727,65.48860070325705,1005.21781811591,10.238418096306015,0.1817437233035852
2026-01-09 13:00:00,27.18652488025463,65.40591691203882,1012.3620313894019,11.615024307707344,0.4045597328496304
2026-01-09 14:00:00,31.54510580162598,57.980083121932445,1017.4205801426798,11.13670277364588,2.8121510585578067
2026-01-09 15:00:00,31.541357852736628,58.37099082449052,1011.7780667439283,19.150959059313053,0.420111919756408
2026-01-09 16:00:00,31.545143058918143,50.97394728200307,1008.4347098473843,19.501992941975317,4.433242117742315
2026-01-09 17:00:00,41.558194471964164,82.4957674318694,1009.9964570271168,17.25612659659254,0.6640359653935747
2026-01-09 18:00:00,31.7126715320795,52.56136764608715,1003.7479613301514,20.917468334449637,0.19743184633364994
2026-01-09 19:00:00,33.4066969205418,58.07094802204092,1013.0225766317768,9.109795663118096,2.2176934692017682
2026-01-09 20:00:00,32.86200529047961,57.81592734430802,1014.4116653116171,23.336120557755685,0.6168444544634482
2026-01-09 21:00:00,31.954173753917395,73.94924376944441,1007.7395483358346,22.61619310856129,1.2367416994390525
2026-01-09 22:00:00,29.054192266078964,62.05050321707972,1007.6497892612025,18.678109986228733,4.117301050112322
2026-01-09 23:00:00,32.276907661479804,77.47742072673734,1011.3293911482602,23.9089945438553,0.05147789070858623
2026-01-10 00:00:00,27.681524356387285,58.26509375756132,1007.816401319797,6.716883961611131,0.10169453224685197
2026-01-10 01:00:00,29.289544179779973,67.78994162223802,1009.6693369268709,12.37775931868674,1.2745982272098728
2026-01-10 02:00:00,28.54390935651269,56.64652946740243,1020.4986089458325,11.323482696590238,0.33104201163002145
2026-01-10 03:00:00,30.245622418158966,86.45149127773388,1008.76487149627,18.607396618786716,0.20371035125534398
2026-01-10 04:00:00,36.94397570002052,53.12401580970487,1008.2082992398939,9.749296301989272,0.04015750682000012
2026-01-10 05:00:00,24.398204422224758,68.09820710227028,1006.7622909718242,18.787475746687427,0.022088885018728622
2026-01-10 06:00:00,32.05878057112354,71.33776880932099,1013.7209598574997,21.852680719983567,1.4893712778192283
2026-01-10 07:00:00,25.161852386431043,69.13799097451498,1009.0938791339095,18.476014500419996,0.14437098920670433
2026-01-10 08:00:00,28.5842044026317,63.147123411222914,1006.7531348083928,16.418755118307505,0.630586769538705
2026-01-10 09:00:00,33.266851790902095,63.70179300266574,1016.6065201613651,10.060633295496254,0.9311425135641063
2026-01-10 10:00:00,30.19284005728639,65.4381147197911,1017.0980150225682,10.765745169373176,0.5592315127740618
2026-01-10 11:00:00,26.76676566621208,63.529979983715116,1006.9978821713065,21.248094526483335,0.027480814660305223
2026-01-10 12:00:00,27.854088872220096,74.6387911679491,1000.6673002431969,18.896745019526662,1.530171671923533
2026-01-10 13:00:00,32.038793246804026,87.10523001591352,1015.0375684491846,14.80490240311228,0.01056887890164542
2026-01-10 14:00:00,27.80890010484859,59.425082149921664,1006.5768508712,12.910452271170547,1.4350220836242769
2026-01-10 15:00:00,30.649375768745923,51.301970204209226,1013.9531279958138,4.870960634443115,2.237776237663706
2026-01-10 16:00:00,30.13671551971144,64.11717951648745,1000.1494809114408,9.645737906577807,0.567113688923094
2026-01-10 17:00:00,28.04519895718255,90.79709337654319,1014.4629866914966,24.557095435698617,0.7668851632250164
2026-01-10 18:00:00,36.43183226797598,56.963254320302696,1003.9441403535961,8.597722144987667,0.6481420613442204
2026-01-10 19:00:00,31.901757066954033,81.39116805444067,1013.6538205953326,15.947399106105403,0.49299981612267185
2026-01-10 20:00:00,23.924572240027178,81.77700814076441,1010.0713653391822,20.03721986597599,2.184131485513303
2026-01-10 21:00:00,30.559362944308283,59.46411758292005,1005.2303029030168,8.725386659988537,2.2436891236837577
2026-01-10 22:00:00,28.014640605694836,70.68983079185276,1007.964818435366,15.923552373905416,0.4091966084663726
2026-01-10 23:00:00,32.55730000438867,81.28396623128538,1013.4315922847835,19.689577687553275,0.9546931403682533
2026-01-11 00:00:00,27.622437784701898,61.20872259012513,1010.5294722655761,15.062496609536252,2.6160303669054814
2026-01-11 01:00:00,29.655790675599302,62.964196398976384,1012.9220649023624,29.34201527833384,3.2717097512450293
2026-01-11 02:00:00,31.51496183694137,59.18319086051356,1019.8822029225774,6.657003705609023,0.7112277339379046
2026-01-11 03:00:00,32.59726558251037,54.852432693071336,1002.1787919414447,20.293642649419397,0.6029862449957474
2026-01-11 04:00:00,26.39911077883267,58.50722454933993,1018.0860628748432,14.135991313017678,0.3266922591881926
2026-01-11 05:00:00,28.996496292477154,52.760597332377436,1010.5217796876161,18.859600774183377,3.191063040942742
2026-01-11 06:00:00,28.575164066517132,65.34083468259226,1005.5060797583843,17.20653575849623,0.1541007029611346
2026-01-11 07:00:00,28.040012302278864,57.30026768941358,1003.348431871305,11.334219014450017,0.8670948786926993
2026-01-11 08:00:00,35.29636272084329,67.33785911790747,1009.0543980461148,16.1449819622967,0.3320523930620524
2026-01-11 09:00:00,31.214945132882868,49.44104353796373,1014.6082505596223,5.7104927430085635,0.32712764016523216
2026-01-11 10:00:00,5.0,98.0,1060.0,2.0,80.0
2026-01-11 11:00:00,32.75358584116433,73.33528961608924,1017.5557746512368,16.49079232995263,6.719564161523771
2026-01-11 12:00:00,36.3664685910379,45.062643574285445,1002.7441215497422,18.19330084321551,0.056534697986233534
2026-01-11 13:00:00,33.09739578165344,68.74056569847572,1009.9395552607697,20.290591625435752,0.8640347192819104
2026-01-11 14:00:00,25.44189010213796,77.27668992473292,1003.7380327779344,16.838099201048554,0.08618134850617397
2026-01-11 15:00:00,28.547297781401245,52.90358981308795,1011.8181594131248,15.740447098991382,0.16785174724564295
2026-01-11 16:00:00,33.80073344755987,81.72572386837703,1014.4344369504865,10.59465831669354,0.5790383385345261
2026-01-11 17:00:00,27.876991603143658,69.19019009366045,1007.8961910315948,11.438896181754746,0.71428937261925
2026-01-11 18:00:00,31.331458284438686,57.949881442415915,996.9789307168643,20.933673100886654,0.29947454226575404
2026-01-11 19:00:00,32.32390216028801,64.44230922342294,1010.9947407339824,22.181677028529894,0.38046590477678083
2026-01-11 20:00:00,27.21920858526575,70.58326912521723,1012.1836927586676,13.809447818439729,0.09098327664737925
2026-01-11 21:00:00,29.8214239318146,65.76005391412411,1012.0214737748084,15.23001373626637,0.36128524627551956
2026-01-11 22:00:00,20.276197979792784,70.38755992446369,1016.1789109591108,10.476928125031169,3.397955822612509
2026-01-11 23:00:00,26.92683707599713,55.79326406920634,1004.6447316017548,20.863784226337224,2.895115863495324
2026-01-12 00:00:00,29.242295545820518,66.69360824036077,1013.4010805272522,18.32708411845889,0.4077852327224315
2026-01-12 01:00:00,26.25665045410545,50.8628550309502,1015.9625375623899,24.706087182318747,0.8459579431278557
2026-01-12 02:00:00,34.897233911794906,63.887739386513,1001.1070620799674,10.608384614101306,2.403460029597596
2026-01-12 03:00:00,25.7095758661181,55.960923585352106,1011.5982591295949,13.109960504908914,0.006203021661939663
2026-01-12 04:00:00,28.67986653990905,57.64470057410233,1007.4791008449616,16.157229612627862,1.6643354328668571
2026-01-12 05:00:00,30.392221731858275,77.36093175210438,1009.5923866344917,18.232447688628852,2.9636437182826345
2026-01-12 06:00:00,34.323819867198345,75.9131012059427,1011.7383824176917,13.921661812261839,0.09576859262634184
2026-01-12 07:00:00,25.69241354646168,71.09138120907177,1007.5638571794323,10.635194547731498,0.17607830972219596
2026-01-12 08:00:00,33.48949125646488,54.07687235327421,1006.621459604192,19.407037644617855,3.2377096422818274
2026-01-12 09:00:00,30.03069918305876,61.83591550305198,1010.1707620874402,18.605676812727907,0.7711955228569481
2026-01-12 10:00:00,27.055474046856148,77.13097699979184,1004.563770305686,10.418629497181374,0.014298370709509135
2026-01-12 11:00:00,31.386310422789812,66.41716913639905,1004.5708743555741,21.77721400552748,0.29791020022182574
2026-01-12 12:00:00,30.59717908672041,88.19329539981695,1013.3968664147825,20.85099354598302,0.5977345955789543
2026-01-12 13:00:00,28.199349368523617,68.93317839394372,1004.2560298242067,15.671482486238965,1.1806108686439714
2026-01-12 14:00:00,30.209406254970055,66.92049116490031,1013.331562504546,15.397989311880181,1.3211074682337152
2026-01-12 15:00:00,28.84405920941472,61.908835357974986,1012.3129564642697,17.770288855579537,5.38638666849705
2026-01-12 16:00:00,30.340552035753745,66.33540904782282,1001.370966356047,10.69148464871871,0.3389910853962133
2026-01-12 17:00:00,31.98639202356314,63.47530163619456,1006.6121767383218,15.150157395820411,0.7726669123908865
2026-01-12 18:00:00,34.75805044843606,72.0810867668859,1015.9705470152369,4.238082276954099,0.7621190833944655
2026-01-12 19:00:00,26.286553503519453,74.56702316794585,1005.0941723443016,19.38227822751468,0.520278931558436
2026-01-12 20:00:00,36.3991001239688,57.140105394920504,1007.6779786884531,7.192533887790703,0.18532032120778896
2026-01-12 21:00:00,24.143736601432494,51.68767046442222,1012.3103044662595,22.517099142144996,3.7923113056780693
2026-01-12 22:00:00,29.54464471489325,46.637946268967035,1013.916952546413,13.349399530167748,1.9194827558878589
2026-01-12 23:00:00,31.76495161945373,70.07991326912544,1008.7423055697775,13.941665090344115,0.6898187824161011
2026-01-13 00:00:00,30.842975603205097,53.966333938261265,1007.0124490265418,11.86133046957747,0.9244373826138893
2026-01-13 01:00:00,28.13190144053822,43.471094070475175,1017.1118493084925,13.559805630389619,0.2578140022581277
2026-01-13 02:00:00,29.375633248928175,68.88578604530964,1018.6944983189879,22.092656725740184,0.7847956275601018
2026-01-13 03:00:00,28.5209971960235,89.9299951743279,1014.8942902539089,2.5609567173246024,1.1873455829771036
2026-01-13 04:00:00,28.231905729167366,64.93929088460106,1010.4265907128251,21.384826930440937,0.7239508357859228
2026-01-13 05:00:00,32.54880629106307,73.38490774451643,1005.9586713917954,16.69011740550854,4.634101755230337
2026-01-13 06:00:00,31.071046457895143,65.81829358547564,1005.8477779672172,8.964891760713922,0.9450546149855406
2026-01-13 07:00:00,27.921271214218038,64.01110346808858,1012.6125705263288,9.62343803475381,0.4635822307736845
2026-01-13 08:00:00,32.69879962629975,74.19076482987768,1012.0919911044434,23.381965136041018,1.4790766602183063
2026-01-13 09:00:00,30.921898562629828,62.097254558113484,1017.0079929647321,10.272465600286344,0.18688697637845186
2026-01-13 10:00:00,32.43858635651688,67.67392314071903,1013.2522504626806,9.233247447020203,0.48534602614303335
2026-01-13 11:00:00,31.888886525770836,68.21697806196013,1002.4845984912009,20.686572711823647,0.4261152885537697
2026-01-13 12:00:00,27.513014967233783,58.31909546356951,1015.2597380886145,16.692764381429573,0.5652942966301169
2026-01-13 13:00:00,28.319456879409092,74.92042349536523,1005.009696863428,10.310372117318007,1.5222507530684266
2026-01-13 14:00:00,32.24188081536978,63.25040243304591,1008.0801436402382,16.083124877023096,0.6619839033874896
2026-01-13 15:00:00,31.831110796300393,57.442548405071555,1011.2510010312585,9.871236581798613,1.5799492595751157
2026-01-13 16:00:00,29.937295218107554,70.36509843570404,1019.9783374489198,20.504106992113027,0.859175562493918
2026-01-13 17:00:00,30.351982149926346,56.015320182089624,1025.5495927800268,20.30685482436567,0.4186558770205241
2026-01-13 18:00:00,33.83299468736527,65.28181157369129,1013.0336152956809,17.660030994109714,1.660619337729086
2026-01-13 19:00:00,28.22528583349251,64.90881003355797,1009.084016906398,16.808305306235084,0.272188940651747
2026-01-13 20:00:00,31.641292143510114,75.85895565831578,1012.6725282424028,23.80594062433687,0.2540964112951039
2026-01-13 21:00:00,29.39342204269832,69.74698232879953,1014.4382771293692,14.998431636941126,0.702193826450164
2026-01-13 22:00:00,29.34695639031834,64.74973041254856,1008.396661872214,9.090629372895993,0.30225338149362374
2026-01-13 23:00:00,33.29633055596157,73.17766299200287,1018.9760567795616,17.247369564161534,0.009128573888656557
2026-01-14 00:00:00,32.47624904696409,78.90207549017313,1011.150353795957,25.43023524768557,1.044969708815518
2026-01-14 01:00:00,32.440528908001916,70.57810306351863,1012.4887154454569,9.92620253407074,0.7155846718672418
2026-01-14 02:00:00,33.91643642146299,65.10352619843381,1013.3296212602723,13.192686166530072,0.5897205998370383
2026-01-14 03:00:00,30.063011524898275,51.8816376764984,1012.1079330530723,17.082230190507264,3.410294069906828
2026-01-14 04:00:00,32.04585891388489,54.348863369246274,1014.194702502348,14.730475754971303,0.8467627661557925
2026-01-14 05:00:00,29.069199730219633,61.94775295645332,1006.9137340672654,10.088482098113428,1.9909295283305288
2026-01-14 06:00:00,30.972499057465328,58.90487797840717,1007.2084912302698,20.609289281152353,0.1501838337478074
2026-01-14 07:00:00,29.609570836896946,63.13028697014554,1004.4992288351415,26.600203610086297,0.8421263364341425
2026-01-14 08:00:00,30.290987894978155,65.56649924897107,1012.1975061531011,15.980657295119537,2.024799025357708
2026-01-14 09:00:00,31.785471076310742,70.2969275435673,1013.8946825175606,10.479658551319998,0.8749227039290429
2026-01-14 10:00:00,27.545337950299583,64.29501221940909,1012.2888643307595,7.255197374732624,1.2658984863540612
2026-01-14 11:00:00,36.27716182705638,69.86501643826202,1018.3724621667377,16.289879906105906,0.465284490417675
2026-01-14 12:00:00,26.981947855500895,65.6447441481012,1009.9720199058547,20.519386716581288,0.09700608578105192
2026-01-14 13:00:00,26.357434161636803,45.24533433646128,1013.3437082779626,17.375838732476907,0.6123053371304392
2026-01-14 14:00:00,33.474332620500206,55.606646061812455,1004.5414956193034,14.987980795405731,0.5016666799684821
2026-01-14 15:00:00,32.37498808188881,63.55912444278385,1008.064501487628,12.053641741053468,2.0178587522588205
2026-01-14 16:00:00,31.872359451156466,52.90305257158892,1013.4776887878289,9.53918183640955,0.2797076890024286
2026-01-14 17:00:00,31.88503652779284,70.99928729996205,1014.2455105537157,19.17375663162441,3.403226264506965
2026-01-14 18:00:00,29.963259681459256,80.30750832343698,1008.5301652616791,19.568858106927927,3.1733796466924384
2026-01-14 19:00:00,27.308236885542506,77.18761851697317,1009.6420037407097,7.271351066546334,0.2845292386217832
2026-01-14 20:00:00,30.22741367458118,62.86557129069792,1002.4106312665959,22.94919489090342,0.42779040654551587
2026-01-14 21:00:00,27.968514865463664,79.90726136849952,1008.2148539959669,17.870356104470005,2.259101755380312
2026-01-14 22:00:00,32.925359200253254,66.48667457202112,1014.4519158175989,21.997973225728966,3.3998648966979097
2026-01-14 23:00:00,29.558827855493583,61.629140288819606,1012.8760250805328,8.289361257574424,0.5859786853873907
2026-01-15 00:00:00,27.523508409622465,58.8659733645906,1012.503328606906,8.170879222922807,0.3871298003885736
2026-01-15 01:00:00,29.03584247504102,61.975303135118715,1010.2488684359048,14.255153451163515,0.7467463171522045
2026-01-15 02:00:00,31.238794362826873,61.118231814587716,1010.0353157931409,17.51392213447597,1.1640126414462555
2026-01-15 03:00:00,28.308826341588077,66.70416222375488,1006.6983943026328,23.98180411463482,0.3194817179565926
2026-01-15 04:00:00,27.533338813300706,66.60573981049865,1013.4941421010127,18.530394569075657,1.3336001120802154
2026-01-15 05:00:00,30.731061634475736,65.03046020153414,1012.1048647219469,13.786593615939832,0.05303940438718154
2026-01-15 06:00:00,30.73489971332617,69.3693816974635,1012.460094239964,9.86815396167054,0.050550930812237604
2026-01-15 07:00:00,28.47917047388661,76.90646274786342,1007.3698257866621,21.150002863595752,0.4882290358062499
2026-01-15 08:00:00,28.58688508314503,74.49554135441323,999.2332854006438,10.176472871246425,0.43614061536654003
2026-01-15 09:00:00,30.69614981207291,50.151020315500965,1015.4857635587684,23.142342773861607,0.37926127023876854
2026-01-15 10:00:00,25.655746975508027,39.46078865098045,1007.605812719958,13.578076751967453,0.6753460896468937
2026-01-15 11:00:00,25.777608676870337,74.34319911239274,1005.6861211797844,22.952910363089252,0.3867418606498844
2026-01-15 12:00:00,27.844667336242694,51.33121301584579,1013.4673945595699,18.39465645029639,0.21351247744299523
2026-01-15 13:00:00,29.35965854486446,62.75234598107316,1008.0399368004043,14.315022552787708,0.3702952073058832
2026-01-15 14:00:00,30.932722696794013,53.298869739406406,1015.2996819202331,12.403018140869367,3.6850576788188865
2026-01-15 15:00:00,34.426068650848656,46.9801956241998,1013.0850297478835,13.2954606132696,0.5295216724374391
2026-01-15 16:00:00,32.57297886960606,70.41462728204787,1013.4178466160024,17.141583461876188,0.5882697799283968
2026-01-15 17:00:00,29.520184410109717,72.59155160302647,1003.1702214439973,15.385782481088583,0.8593080041840838
2026-01-15 18:00:00,29.942951376291933,59.2348959927328,1016.059719926932,12.030942959656475,4.0947907666100685
2026-01-15 19:00:00,26.992411906086573,39.0895770785509,1011.3062526561692,14.17184294841184,0.27654601110677485
2026-01-15 20:00:00,29.944460592022832,59.53755551747517,1008.153614303769,15.392885148595749,1.14344892650929
2026-01-15 21:00:00,29.134024083239584,68.91804005402547,1010.7169423367112,4.35632952792594,1.2587271462934224
2026-01-15 22:00:00,30.968155681014267,50.21088431225871,1001.1188238355084,17.290840573943495,0.9347714960388028
2026-01-15 23:00:00,27.518307169343032,66.83359919779156,1012.0432640574033,10.101393876415965,0.09274963440079735
2026-01-16 00:00:00,31.558039542723517,64.84690150827005,1004.8531424590897,9.233337983971275,1.129707603047288
2026-01-16 01:00:00,34.59821673900773,70.79291499601088,1003.2366485707823,6.563278264446449,0.0662409946287563
2026-01-16 02:00:00,29.67371955462943,66.19580368414154,1002.3882040689106,6.030537510660549,0.9066935563182682
2026-01-16 03:00:00,31.205135166296824,55.26931059118444,1015.5634418749496,8.222762484438555,1.345464087165402
2026-01-16 04:00:00,32.07043197513334,76.96571501664491,1006.8536830315361,11.454895211847548,0.23695079741946246
2026-01-16 05:00:00,28.796338584342493,63.4147042697303,1017.6686385495825,24.76629568763284,1.8427707457617941
2026-01-16 06:00:00,30.67227744543125,64.72695460490068,1007.3209926847385,12.370601620523981,0.030824021993599404
2026-01-16 07:00:00,30.037777202345385,55.667320409268044,1001.4632102120353,15.888750531340158,1.8567003987341733
2026-01-16 08:00:00,30.293028295646494,60.567177488084894,1004.4173778002568,17.002406932531642,0.6167956781969939
2026-01-16 09:00:00,27.6809706484336,56.15197285973099,1016.1790581000347,15.655325931079243,0.2453737461825311
2026-01-16 10:00:00,30.073530522776828,63.27053940076577,1009.2205091103167,14.612782696370031,0.14361421961938275
2026-01-16 11:00:00,31.493994873736348,82.11708480142343,1007.258563517547,9.023531182003776,3.064164607508018
2026-01-16 12:00:00,34.353430823385125,51.28098857068643,1010.8000911292639,22.25463774139606,0.07544103152392309
2026-01-16 13:00:00,32.87781247825562,48.86438602123259,1012.5089136808377,24.035983218189426,0.22201096784897428
2026-01-16 14:00:00,36.45954737253467,79.71170327493608,1015.5869940795124,6.586706529386571,0.4274382809073824
2026-01-16 15:00:00,27.697957311335852,62.90676322848134,1017.2424961494646,9.879857045568102,0.9682022408988973
2026-01-16 16:00:00,32.61696191016203,58.309272613400836,1008.2011567710546,13.600948288114969,0.7870207803470636
2026-01-16 17:00:00,30.550026017215057,75.39904687396077,1003.3697615695899,10.177311025449043,0.1342670830781798
2026-01-16 18:00:00,36.56940879965302,58.94384460263136,1007.9326741943836,17.529827767279325,0.342107260823604
2026-01-16 19:00:00,27.575105143934547,83.26009713546937,1011.3014025329144,11.358638987966934,0.272795786510522
2026-01-16 20:00:00,27.480834473457673,71.7792587133927,1005.181205368947,25.825280339033014,0.24021704555933254
2026-01-16 21:00:00,28.201822063667933,60.120885918542974,1005.2142454255248,20.95274297171798,0.5295741788075499
2026-01-16 22:00:00,23.62831282707058,86.57308213265503,1011.7189394077494,16.062870153161075,1.2175020890595358
2026-01-16 23:00:00,28.422734934957717,58.94285076996662,1009.7567382421478,20.13493131659866,0.2452012078556946
2026-01-17 00:00:00,27.722602015338907,72.42095372009307,1010.1639849770579,20.529502121786543,0.4567776864231982
2026-01-17 01:00:00,30.451181359428624,67.99292580406492,1006.2075233264997,12.180262559708783,0.495801432353727
2026-01-17 02:00:00,31.025267927331477,78.01741289398798,1008.8479964289712,10.918913777290175,3.7489067553667565
2026-01-17 03:00:00,35.62851251764766,80.61511196726853,1005.3788342786585,15.390715314848237,3.0937058483875917
2026-01-17 04:00:00,32.85127151455815,65.32004149065767,1014.4509920556239,19.308180622489722,1.6101260629157195
2026-01-17 05:00:00,28.26928903301279,57.46582129653817,1015.1762466736187,15.695301993267089,0.2766220220129904
2026-01-17 06:00:00,27.304755985954927,69.59972142939117,1000.7690606888095,7.115017589045014,0.07046250167707582
2026-01-17 07:00:00,31.47575751451952,58.22284630247894,1005.352445699038,10.985877780245788,0.38112007453192887
2026-01-17 08:00:00,26.039300378938073,85.13387247526623,1002.5173537245496,14.63013568202811,0.3103293291023623
2026-01-17 09:00:00,35.494376297563065,66.36535331082737,1006.7498803279655,14.621671978370848,0.7050695709406195
2026-01-17 10:00:00,33.53832036216386,61.34678448687891,1009.5828101510482,24.862710883949042,1.5038530172563103
2026-01-17 11:00:00,28.592473043685885,66.84680305864909,1002.7517739015074,8.07006028800501,1.9542050287976431
2026-01-17 12:00:00,24.860596412727368,51.52873710470303,1005.3907009343734,17.527946209179373,1.863453677968022
2026-01-17 13:00:00,34.06161712249624,55.28385961489349,1004.9802131395925,22.44556554164145,0.4457802954879003
2026-01-17 14:00:00,29.656380464242147,77.00413907944426,1011.0363366469948,26.35724872711398,1.1623010700110075
2026-01-17 15:00:00,33.71344893592038,58.43105721028604,1010.3467216851813,12.978012884080194,0.37517967311876155
2026-01-17 16:00:00,60.0,10.0,945.0,90.0,0.0
2026-01-17 17:00:00,28.201874931138683,70.36652752527286,1010.8841043606969,17.848801785993235,1.2092040152918222
2026-01-17 18:00:00,30.01573109915455,76.85704154662997,1007.2665995770636,15.977408657766453,0.009876161699253505
2026-01-17 19:00:00,30.140941781294227,72.18953310665067,1008.6417244483697,14.50577399380347,0.526248255940149
2026-01-17 20:00:00,28.649803585562267,74.96047685805816,1018.3672604514927,17.17987694750023,0.399551531771512
2026-01-17 21:00:00,31.868549797042498,57.43204911430539,1016.7023052589517,2.3387695739015726,1.1821380553414715
2026-01-17 22:00:00,26.797138711852217,50.78189333258156,1003.5020938153621,18.410347450313157,1.4534837431308587
2026-01-17 23:00:00,29.57286154493612,80.01333651955487,1014.1486620893959,15.630889518309836,0.3625415991157512
2026-01-18 00:00:00,30.360886895135696,61.77320161157864,1014.056982772458,13.887625516108674,1.6693313158941352
2026-01-18 01:00:00,31.543316502176246,62.49166983544953,1004.2586835562369,25.23431097859779,0.34802214547138766
2026-01-18 02:00:00,32.13484463426667,78.28194141849058,1014.0938882187743,11.625329906047238,0.5911798632695978
2026-01-18 03:00:00,26.626073724486393,70.5623000940066,1017.6896595920628,12.984620054674846,1.2983513506207152
2026-01-18 04:00:00,25.397657487793133,69.55887772081607,1004.3872759687779,24.95776651102367,1.1806477254887482
2026-01-18 05:00:00,33.83303046569553,86.65002344901083,1005.4124858949286,10.839693475750718,4.37155939286399
2026-01-18 06:00:00,30.996942035938776,58.564817696198574,1015.0883073342175,12.249423585317306,0.2551000443984755
2026-01-18 07:00:00,27.75454039033034,74.27840128081237,1011.3574765541282,14.26487288284575,1.0856503987174064
2026-01-18 08:00:00,34.65345592656757,65.57013124897084,1012.7573813761976,19.203672410647748,0.9407932524898305
2026-01-18 09:00:00,30.347023902878576,67.68592278863257,1011.7029460820024,16.039012536766567,2.4662629819439505
2026-01-18 10:00:00,33.53789155219148,80.28468426412532,1011.9534796046407,8.536873264238686,0.17003195424467848
2026-01-18 11:00:00,30.202555444230327,70.07835756289624,1003.3676393584445,12.339157184364051,1.3935130073144775
2026-01-18 12:00:00,36.18224377464596,70.38296079049633,1015.2365885331072,11.963227833938943,0.8399516810523486
2026-01-18 13:00:00,35.26602252732961,75.72507337309803,1015.8479499621388,14.613894773884772,0.3211228610370189
2026-01-18 14:00:00,29.253107554562778,61.350472704571146,1008.8530462796599,17.129218293149144,0.6432812412387727
2026-01-18 15:00:00,32.91471285286307,56.607903326609936,1009.7826152509307,17.09102877943986,0.4061302248539729
2026-01-18 16:00:00,31.936127848755444,54.55190805978967,1002.3444624872213,6.119941229757989,0.8658671471970726
2026-01-18 17:00:00,34.105894672597046,45.33643410623998,1012.5712737800892,20.319704937804282,2.198230580519771
2026-01-18 18:00:00,27.105229618259685,85.56207129940321,1012.8602872085708,16.262844229983116,0.8423550598058522
2026-01-18 19:00:00,32.058154379995315,53.96791634278317,1009.6890449150035,21.92266023796953,0.9989183271273994
2026-01-18 20:00:00,33.175273460548766,62.78746376414228,1015.6217667993525,17.22099163645336,0.7313639198622728
2026-01-18 21:00:00,24.723781540730656,62.23186700111079,1008.3296138451003,20.50661478867881,0.052520896472725405
2026-01-18 22:00:00,26.450224462002673,68.07406697809101,1012.823029629468,17.332726557250634,0.2650840837639221
2026-01-18 23:00:00,23.882303466719698,73.15737212539297,1004.9016783065395,21.73112878101374,0.6772772358033138
2026-01-19 00:00:00,29.191779496666328,73.60473488359746,1009.8822392456289,17.611253180088895,0.37140473047581496
2026-01-19 01:00:00,32.152626767387886,59.16922561431062,1009.1282287104858,14.510423767785479,0.20060398383999162
2026-01-19 02:00:00,34.507071156288085,63.32878286213589,1011.1265396102048,26.362173602234407,0.7014472145775823
2026-01-19 03:00:00,30.222284341259325,67.825799504883,1008.1523653558332,19.44518561139946,0.3898030905050024
2026-01-19 04:00:00,34.88584663671388,62.51308873816453,1009.3426370216416,17.868722105022066,0.298551118000952
2026-01-19 05:00:00,25.859695625355325,81.07345576019992,1014.1302358572075,8.61847791730832,0.6235939120134726
2026-01-19 06:00:00,24.889852681934535,69.90974951638252,1007.816178813809,8.558461912682311,0.1430442199540243
2026-01-19 07:00:00,29.833356903310143,72.34877786049817,1001.9671144963066,16.463577410709267,2.627563895953608
2026-01-19 08:00:00,31.152196346817924,71.62881268667412,1018.7479195210271,15.727605988841203,2.022699065275232
2026-01-19 09:00:00,29.90191575571772,76.73473857485325,1016.9072703934524,11.92938717495842,1.2297029562543074
2026-01-19 10:00:00,23.79767369988037,66.81021558703706,1003.5386865244719,15.7049134980603,0.11228871316461363
2026-01-19 11:00:00,29.732639881461633,52.03168052044153,1013.448539026226,22.943134640217977,1.4955614060910039
2026-01-19 12:00:00,26.08659149848544,68.99687951752642,1007.4851261472432,18.477012372751492,1.650037682215909
2026-01-19 13:00:00,32.009017646490115,58.48643106208171,1011.3174360766553,9.294957451236309,1.4600038428355446
2026-01-19 14:00:00,31.099794738290544,59.713833182502434,1011.4711206450675,14.442455864285282,0.12099982699549117
2026-01-19 15:00:00,27.180360641017934,70.86364018755093,1008.8279609984183,10.975167595737195,1.032566033985309
2026-01-19 16:00:00,28.45839924798992,77.38283071433636,1006.081171672068,13.061500417957195,1.7977260081696056
2026-01-19 17:00:00,26.822359434333144,65.21271576736062,1006.5472947384187,12.931921671851786,0.8612189130065928
2026-01-19 18:00:00,29.811962708180484,68.08833012598964,1005.4190404225938,12.611772086979974,1.039609805981671
2026-01-19 19:00:00,32.865426961503715,82.02214944635239,1005.8408889588478,8.724323140133025,0.6131601287606566
2026-01-19 20:00:00,27.04282186099337,67.40753179488568,1009.6641085497532,14.361726592409049,0.7522759764356404
2026-01-19 21:00:00,31.512139546553534,91.01683114180395,1006.4212000544462,12.19696181576345,0.03498164340451963
2026-01-19 22:00:00,28.409227144882678,70.65509645631545,1013.4102603285631,0.35275654998866024,1.0187748936881085
2026-01-19 23:00:00,27.621381503212966,47.39237240844182,1017.4362307766796,25.264860122508317,0.08495590498342367
2026-01-20 00:00:00,29.678908920136326,72.53341621104532,1007.0997337931498,20.44384827108336,0.570955378859975
2026-01-20 01:00:00,26.89427303274188,68.81158384882778,1011.1970225026769,13.11849637537502,0.3462368928147022
2026-01-20 02:00:00,28.339052083958453,77.89752754082745,1012.4984255515146,15.094095248702992,0.788398852541655
2026-01-20 03:00:00,26.406366322233453,71.73181351269959,1012.3600113545964,9.14172826341219,0.14319661998462757
2026-01-20 04:00:00,35.89417539874917,63.615440160162265,1010.3797763395804,23.47861438905433,1.176498379924752
2026-01-20 05:00:00,30.105790655915186,52.757017637106344,1013.7134120917987,24.486443473865556,1.5848015791272336
2026-01-20 06:00:00,27.900823476022243,62.90976742713975,1012.4112447634033,15.783468641232623,0.17835477457975987
2026-01-20 07:00:00,30.641939732202665,56.494795457907,1003.8116878883635,20.117653220926723,0.11016435491942528
2026-01-20 08:00:00,29.66301585092751,59.19476550195277,1014.3457803219463,15.876433894669619,0.1572568957098479
2026-01-20 09:00:00,29.33709120140033,70.88578404420609,1014.4364541863337,8.316372805620347,2.0966085503639165
2026-01-20 10:00:00,31.842500100130277,81.69904504351406,1006.1835694791071,12.940883155181714,0.7511773521072406
2026-01-20 11:00:00,32.27252313014191,68.9467152982298,1010.189689177238,15.659639833859785,0.629723648305585
2026-01-20 12:00:00,28.40849655716842,53.04116937964815,1013.4166449640553,12.727261406282778,0.11284603919401594
2026-01-20 13:00:00,28.27254527806596,69.4460266822014,1008.9534309021032,13.90673361282482,1.0485543763081409
2026-01-20 14:00:00,29.17484490854507,76.96631486645651,1015.3648902388301,14.543002212454427,2.024950264696681
2026-01-20 15:00:00,23.094236505793248,58.90217095680618,1021.8193624730968,14.595607510672693,1.7613420220777933
2026-01-20 16:00:00,25.454426813404343,63.65982833327082,1006.070069836825,15.261292452487416,0.9836457729649994
2026-01-20 17:00:00,34.100622802333575,65.14688194729197,1003.0947769842311,9.696974668016995,0.07826290217339418
2026-01-20 18:00:00,34.93490314050385,57.151016869177596,1011.5190929780243,11.414919254360319,0.11923073864586062
2026-01-20 19:00:00,29.252891881330864,71.4828043384386,1013.6078125256307,8.577078671500153,0.05056617681195948
2026-01-20 20:00:00,31.7296708891673,63.79051851392219,1008.8456681307762,19.889077748431003,0.29770441744109666
2026-01-20 21:00:00,30.93375046363061,69.19532443907028,1017.2663033166052,4.471765290798377,0.14579076650342596
2026-01-20 22:00:00,39.236642425365716,56.125078221978995,1003.3069710013838,20.767951716584626,0.3011700141513138
2026-01-20 23:00:00,33.35872473430373,60.62541699676589,1013.4645931151581,21.931746986314216,0.4862274151745636
2026-01-21 00:00:00,29.6162472255577,72.22381357827771,1006.9706958962055,13.489097065086893,2.8644020229109
2026-01-21 01:00:00,27.133378678198724,61.27166847908233,1018.5968895310365,1.9843145608635062,0.9425732609026779
2026-01-21 02:00:00,25.18066103922728,82.26963851233405,1019.9625767658406,13.193447190163548,1.8016509430520837
2026-01-21 03:00:00,30.61039090760167,61.003638143853976,1006.1667170610832,14.679079193555904,1.2390871625761168
2026-01-21 04:00:00,27.73094776414709,67.24684725751887,1007.2522143204571,9.947008900355433,0.11935028499273859
2026-01-21 05:00:00,25.73323887120698,74.3259083187309,1014.297939434899,12.423908030958787,1.3315047302673324
2026-01-21 06:00:00,28.060281347272422,50.816342670669684,1008.0643467510524,22.650975994316756,0.3217200217866131
2026-01-21 07:00:00,26.755355989156815,47.39191188019224,1009.7729439103388,18.324635811508706,1.019176110420165
2026-01-21 08:00:00,35.06142490521769,49.74343685429905,1010.1269421027121,10.3771794281095,0.4169740430229774
2026-01-21 09:00:00,32.64491927084835,77.62584103427182,1000.4016342190117,7.01200415202284,6.06285884170148
2026-01-21 10:00:00,29.976082076050147,59.481418541075534,1009.9308112695288,13.364913411951145,0.30591594300613956
2026-01-21 11:00:00,34.43983241667008,90.58199285668252,1006.5513611296791,13.93271610324781,0.32729711615012036
2026-01-21 12:00:00,30.232104922942856,59.357524013426115,1007.5343858880011,17.480995936816583,2.668910100271067
2026-01-21 13:00:00,27.41614739601521,66.84551303197037,1017.2181600173441,12.323416437161704,0.024953161282464987
2026-01-21 14:00:00,34.56937223180897,80.42109952567876,1003.7174655286037,17.557497876809308,1.1929965572421173
2026-01-21 15:00:00,31.616730131053977,85.06092888159122,1014.0660259337399,24.675770200301145,1.2921717616131734
2026-01-21 16:00:00,26.888261537020632,85.61503576636397,1008.6051853483409,19.077505112221314,1.8101999184618192
2026-01-21 17:00:00,29.428983965749175,77.08366230593143,1008.6011991575208,14.759557463346137,3.6666996795108044
2026-01-21 18:00:00,27.373145239845726,75.24062525811462,1013.9518594802586,14.084247644733527,3.71325080373753
2026-01-21 19:00:00,25.85160080710699,70.92526949201184,1011.7002564728444,13.216634329100645,0.06750479090661371
2026-01-21 20:00:00,32.778532642594925,72.78361076166638,1012.8530649860977,20.903204562260722,1.725069454698212
2026-01-21 21:00:00,35.728249921410395,59.488142836714665,1014.8409233026644,11.863432770243485,1.0393342681449662
2026-01-21 22:00:00,25.804297278542577,56.81801116577693,1008.3434580840834,15.226113544999913,1.042256911232695
2026-01-21 23:00:00,31.688907710071714,64.96625542589048,1006.9388163274613,15.255989509405426,0.13736722760166387
2026-01-22 00:00:00,28.04807229263452,63.298153774750716,1004.574247367211,12.49107903594234,1.0503570288077781
2026-01-22 01:00:00,28.53862384870591,60.46771950672725,1005.8729473501053,8.137672260579496,4.044559498914576
2026-01-22 02:00:00,28.222818227283394,71.96387447456715,1024.7454721265435,16.61487251808834,2.4283588771318345
2026-01-22 03:00:00,27.40802769096055,74.5530520857051,1016.2233979036839,14.694980140723082,0.5782673075469968
2026-01-22 04:00:00,30.14556488383448,65.88406886291847,1003.2446281689599,17.50120234718285,0.04076780149507192
2026-01-22 05:00:00,27.507149650766888,79.77530081055262,1003.3877102162821,12.331998467804166,0.44987711715131956
2026-01-22 06:00:00,30.811370477339516,53.58310885866495,1012.4093303085924,21.10410649406524,1.7509456695605756
2026-01-22 07:00:00,29.849285671652588,63.06340540720282,1012.7363239868898,10.616131093940776,1.2089823359870628
2026-01-22 08:00:00,29.28315585940077,57.831776793971954,1012.7444191765868,23.560201420089463,0.6149714248845541
2026-01-22 09:00:00,27.277309013875207,46.3346338292694,1008.7252210322315,6.2618174508586915,0.05667780187349985
2026-01-22 10:00:00,28.269686008295,64.17319314157301,1009.3727286999855,17.173850322784457,0.556685858065787
2026-01-22 11:00:00,32.26617367747727,63.78252491616716,1011.6393976207968,17.377153412633117,0.6330402262968449
2026-01-22 12:00:00,31.502751562873144,80.13449743242131,1010.4294650314666,11.022214660295589,2.6388348148913994
2026-01-22 13:00:00,27.067334265604348,71.30811684554777,998.9034981362623,17.12196968930506,1.0246727621079945
2026-01-22 14:00:00,30.297996916287676,54.758131756707954,1008.851001847124,21.397593348800793,0.37346208665024316
2026-01-22 15:00:00,32.25416137011537,83.54092566334188,1005.7429678286984,3.915905803229677,0.7451107299407692
2026-01-22 16:00:00,24.991784156635884,77.21033695525352,1010.8760570945426,17.51372403745407,0.06833805859031909
2026-01-22 17:00:00,31.630080577139804,70.82097703468615,1024.9262950130171,2.5336458983496115,3.5960536541812793
2026-01-22 18:00:00,28.01212872316246,62.73515901150168,1011.8374083273716,10.17167598238396,0.4463807037756296
2026-01-22 19:00:00,31.711796005779476,55.405607632765204,1008.4323515691381,23.145831824504725,0.6498336140180051
2026-01-22 20:00:00,27.710222530372448,61.27793223928947,1014.6090075098863,12.09108983303973,0.43894532926848046
2026-01-22 21:00:00,24.585353698006443,75.88748619704185,1012.413439436046,9.130600177955138,1.1473144065797576
2026-01-22 22:00:00,25.117372686350514,83.84586305934609,1012.1004724522592,14.01031135507659,1.085396478458099
2026-01-22 23:00:00,30.144254839984146,80.43243528272188,1013.0342529660784,25.33953169081776,1.2563976528167407
2026-01-23 00:00:00,30.779167505164445,60.11150578213726,1020.2827178241477,5.84158876396987,0.3121704530352204
2026-01-23 01:00:00,27.287050124686775,53.80382566710989,1004.3455578233704,9.743450441803278,0.3793128021166588
2026-01-23 02:00:00,31.915777376332123,66.40886246911204,1012.3681603840573,22.487158415898133,0.13381855510453028
2026-01-23 03:00:00,25.01543981319312,47.31560634437149,1005.3680943500923,24.288511717688664,1.0656901347996492
2026-01-23 04:00:00,29.80176060405805,68.23167714184781,1012.7775632317113,14.48284387854858,0.040610691154355255
2026-01-23 05:00:00,26.36695140071263,63.52397413701331,1005.4065674425696,8.804736487366789,0.91051329227412
2026-01-23 06:00:00,28.044491676593523,60.33963498131758,1007.9131659319746,25.479217509045796,2.037884213244392
2026-01-23 07:00:00,30.142196013949242,49.05296932733204,1008.5245504288105,22.972211958745984,2.2148686572717233
2026-01-23 08:00:00,27.418759904148143,70.13600106569717,1014.8790835967235,18.394734938811165,0.5960890027945429
2026-01-23 09:00:00,28.846333367310525,59.672991603380886,1014.5922722197121,10.937988255312899,0.61489750379938
2026-01-23 10:00:00,33.01887842764332,53.30083164289712,1003.7714131177681,14.754853295809816,0.08009265717967771
2026-01-23 11:00:00,28.269324391430555,36.2773778671835,1010.2746705549993,14.198199594775847,1.1109835747623669
2026-01-23 12:00:00,32.507076336195425,64.72485094949364,1006.4521007262541,16.65425652307789,1.7218198001833351
2026-01-23 13:00:00,26.610879436027147,82.72251596669744,1003.7074754466233,22.25500719065668,0.280580752753342
2026-01-23 14:00:00,31.589412533745847,81.6125921454787,1008.9149147478781,19.397085205687016,0.5469725938757088
2026-01-23 15:00:00,34.3247058619737,60.429037434137285,1008.4575860577208,9.613119615076208,1.8253535032869073
2026-01-23 16:00:00,22.585066499618133,58.97787939638219,1022.1335824317276,21.882482250097688,2.09655081543546
2026-01-23 17:00:00,27.60931423358857,69.68774256075024,1012.1647991268035,16.565660700065777,0.2786298084551103
2026-01-23 18:00:00,31.73121638154162,55.016145608117085,1003.1119124962288,18.43532897929458,0.7997765776660357
2026-01-23 19:00:00,29.39086384187102,68.01791899819466,1007.1761299791453,22.332704296393015,0.2138037417365647
2026-01-23 20:00:00,31.113437620113928,72.6608027838469,1015.106916477147,9.442098752432244,0.10745021326639204
2026-01-23 21:00:00,28.18804443985254,77.26933223884308,1020.4422138643496,14.820872106467686,2.420473774890319
2026-01-23 22:00:00,2.0,95.0,1070.0,1.0,100.0
2026-01-23 23:00:00,29.53296829382376,62.96326249823034,1000.6003780743048,7.1607028731727205,1.4272617903951583
2026-01-24 00:00:00,33.50334618497942,56.22017413243439,1019.354825876859,16.733549888024598,0.04999552507890129
2026-01-24 01:00:00,30.76326252990364,56.7311964596014,1011.9480708868546,27.55778275792212,1.856162272921303
2026-01-24 02:00:00,31.012807986225607,62.73521108098473,1005.6585363406182,5.799611277471236,0.5763318590419014
2026-01-24 03:00:00,28.764369101632596,68.67365506816178,1012.6731454306122,14.838596944752648,0.41915101935504245
2026-01-24 04:00:00,28.53718132778252,74.13584626233249,996.8212613049157,18.20271467537387,0.7907078851523114
2026-01-24 05:00:00,28.702325436541138,56.96821049319655,1010.0168775329859,15.615391008280906,0.09579886618797855
2026-01-24 06:00:00,31.18335642713489,79.92688568959522,1011.6391058642155,14.434359737421298,1.4132403630308565
2026-01-24 07:00:00,28.737046557539212,62.28876398957431,1014.6213506976892,8.503918182770878,0.8733152423216204
2026-01-24 08:00:00,30.869324570689237,64.78632705651565,1004.9305202385373,16.163933714700818,0.20652011060546263
2026-01-24 09:00:00,36.22620239593632,57.527883208521764,1010.4284358070167,11.216180114920368,0.2085409400216103
2026-01-24 10:00:00,32.61337411029508,40.75759739727059,1005.372876869702,4.050391475107233,0.20364569051917433
2026-01-24 11:00:00,29.021929403496475,73.8404539636105,1011.2769187783716,20.972961102568654,0.05869152822031951
2026-01-24 12:00:00,33.60364176649183,72.36843897092433,1005.5232683881849,19.79192909921021,0.8862428486980283
2026-01-24 13:00:00,28.775773880935347,62.18672442881787,1007.9594958041989,15.258304884255399,1.834759944844268
2026-01-24 14:00:00,23.88562639446644,65.66990717224871,1005.0209230260489,16.145373441028514,0.01765311741583213
2026-01-24 15:00:00,26.97574106724779,70.159392177041,1013.2556812091183,20.371590063577806,0.05024610075075022
2026-01-24 16:00:00,24.387624236922434,49.374541431134574,1014.2922555832833,16.121698283890414,0.850433416712856
2026-01-24 17:00:00,28.945459547876073,59.70947322653705,1008.826897150213,19.520087773806573,1.7120005978165094
2026-01-24 18:00:00,30.055255137568654,72.94264679621827,1010.1911899748002,13.51258899563075,0.39562204622884994
2026-01-24 19:00:00,35.02931193682585,52.45710576830751,1002.7570429268322,21.559918692869733,0.43018985938185067
2026-01-24 20:00:00,30.98078212129249,67.9355793216663,1008.501616759966,16.603928629663418,0.9071984360990504
2026-01-24 21:00:00,29.34269841357341,51.43418195376595,1009.7489769147912,15.97025971802937,0.3204985428675294
2026-01-24 22:00:00,32.48821674355047,69.66429982433526,1023.1039654551498,8.64969455643984,0.026968776316331804
2026-01-24 23:00:00,23.366594072976344,64.64358517702516,1004.4401648711291,16.434779271508543,1.3288881574772895
2026-01-25 00:00:00,30.706843674325697,48.848681840944906,1017.3208861937621,10.840225412527744,0.9825638577462422
2026-01-25 01:00:00,32.3125955816609,76.64739354457171,1014.984293867329,11.80858636735753,0.8693021873988661
2026-01-25 02:00:00,25.564241262660474,57.65408423201951,1011.4031820224507,10.923121858419394,1.3535721366789988
2026-01-25 03:00:00,33.43126212962079,56.89747562985619,1018.7931024209756,9.668825340503876,1.1246406184348823
2026-01-25 04:00:00,31.015489222483243,67.00569197230944,1011.8605273630343,25.62385701508481,0.23052319928093482
2026-01-25 05:00:00,28.754136258297596,76.48637349428715,1011.9457959783397,21.656695309942016,0.4346072147068758
2026-01-25 06:00:00,31.898345598318855,54.841781810216034,1009.7343967349123,24.601837510721307,0.13480093149507733
2026-01-25 07:00:00,36.81207857341319,65.61679849847971,1016.1178444120932,8.88552490222218,0.1390977284446424
2026-01-25 08:00:00,30.545598765175484,69.28816500330574,1015.4823461690544,15.356268749554463,1.1276161011866512
2026-01-25 09:00:00,30.744661758901007,71.93105607263143,1006.871613562519,8.532461873979521,1.956163282114705
2026-01-25 10:00:00,28.621917301379266,66.76441555277225,1003.4037640270062,11.52152561401468,3.2896358960708025
2026-01-25 11:00:00,27.450466891605625,61.329721609166775,1008.9850968130218,10.409365082917127,0.9897949720207693
2026-01-25 12:00:00,32.49100744963274,56.724097793512804,1005.9998071780118,21.197920032207808,0.20346510251334674
2026-01-25 13:00:00,27.4317485222734,65.86143883046375,1009.6823771269233,13.0188516094912,0.11165846779993756
2026-01-25 14:00:00,30.214698711658176,54.27860988014393,1016.1871906734207,20.34189666847008,1.675850035864825
2026-01-25 15:00:00,28.56702765970465,35.78649516505393,1007.7134917245661,18.02060444794259,0.8645441715821153
2026-01-25 16:00:00,31.436939477239175,69.36559804157667,1009.7858830934422,26.518193760523943,0.963081077175991
2026-01-25 17:00:00,31.000986315860846,74.03934841086195,1010.290113674042,7.6027788843013795,1.5207957726536276
2026-01-25 18:00:00,33.112619832773696,41.37067564458162,1014.2421544110264,21.296166198933996,1.2149570028020225
2026-01-25 19:00:00,28.469950803435758,54.90269295290062,998.765553330077,20.732204352003638,1.7985318673707038
2026-01-25 20:00:00,29.190375194119888,71.19154261005198,1006.9664985261735,10.133105809864826,0.0578557332799298
2026-01-25 21:00:00,27.06370885265308,85.574954697117,1011.0564184613974,20.0356666823658,1.3764257632959036
2026-01-25 22:00:00,28.667120219771665,65.20793707675408,1016.0003947821343,16.680724815131143,1.9028212550987038
2026-01-25 23:00:00,31.131901479134555,57.71997058770866,1007.540487762469,13.86261870023296,0.3370614696265288
2026-01-26 00:00:00,32.270965849936054,63.1710355889516,1000.6172364697907,10.880322565140002,1.0228944477442632
2026-01-26 01:00:00,27.233504027467124,78.74876419148185,1013.0985572298307,11.40445274275407,0.3771139238267266
2026-01-26 02:00:00,32.60881776031698,58.54035820875465,1006.8231880558718,25.24906047892963,3.1693970046019153
2026-01-26 03:00:00,34.066913576414855,57.00807993349746,1004.0516667045482,15.003414094787413,0.03399490682848674
2026-01-26 04:00:00,31.240304709671104,60.17256477817968,1006.8782730514339,18.910650007657296,0.8670074603329945
2026-01-26 05:00:00,35.6303874376742,55.466713917412875,1009.0773732117208,11.045503091662233,0.18212583240863994
2026-01-26 06:00:00,27.67863240268928,66.22670315994796,1006.976276677309,11.100735268891807,1.2455596926124357
2026-01-26 07:00:00,26.266035890065748,81.2467845846956,998.9721697145046,20.40992404624971,0.19345160674555428
2026-01-26 08:00:00,24.663839253287165,68.23079273116029,1014.4853309844357,8.252118942242339,0.2683805666415673
2026-01-26 09:00:00,34.48813293446755,62.47646497873713,1016.3743752063937,12.923931160473643,0.6819517064981525
2026-01-26 10:00:00,31.963096969062175,62.08188731084456,1013.2576099566975,15.17013705536116,2.4631641405374736
2026-01-26 11:00:00,29.833245987268636,49.36809191303343,1004.3115716478759,15.556863009200262,0.23789478290788643
2026-01-26 12:00:00,30.83990587895946,73.83109777147159,1008.9925423302624,14.104533574919218,0.1557653406618626
2026-01-26 13:00:00,26.62353285810487,64.22162802987198,1009.9673934238527,16.979098905479617,1.4228622167262348
2026-01-26 14:00:00,37.337255938850475,63.19520086409374,1012.9939719478095,18.464278779089057,0.6943870135031269
2026-01-26 15:00:00,30.387663545925683,96.93107567844861,1013.3417024435904,18.67318772729665,2.4279795363560046
2026-01-26 16:00:00,30.32818438381468,67.98752908365687,1006.3291310061076,10.070980956660867,0.15854396621277056
2026-01-26 17:00:00,32.17729987169608,57.48208949904816,1010.4099777820678,13.579224510356013,1.0382546945654538
2026-01-26 18:00:00,31.44302769521014,60.736424037944566,1012.2864020230762,20.97381430938469,0.26511092308046225
2026-01-26 19:00:00,30.671652072837393,76.48445709196756,1017.2791116107338,19.47323593786936,0.1705041723289947
2026-01-26 20:00:00,27.628576633664064,66.13270410537764,1013.5225326991236,8.135702742594681,1.1502090453818121
2026-01-26 21:00:00,31.414405071407987,50.61722021682633,1013.9452834368776,16.757399501761007,0.9006256226776637
2026-01-26 22:00:00,35.6460734894251,74.19228934575203,1010.4191331396468,5.108873753125948,1.4057930647238663
2026-01-26 23:00:00,34.03626013846493,58.31855914461006,1017.0522957260175,15.234674510301849,0.3702851098406572
2026-01-27 00:00:00,34.77955987991819,83.73297776217545,1012.0488139797975,24.488835083729885,0.5941558868895468
2026-01-27 01:00:00,28.466352970706446,75.80048065714648,1005.6945604491322,10.260536413655068,0.5199869211441636
2026-01-27 02:00:00,27.031185539224257,60.52678104341249,1017.0168498506259,10.82838477254209,4.140773745591833
2026-01-27 03:00:00,29.622639239701055,77.81016361735112,1013.4895163626951,18.820148907864297,0.34566288093877773
2026-01-27 04:00:00,30.167174736866084,65.67855510527403,1007.7847798943576,7.28599242395177,0.3492982733782499
2026-01-27 05:00:00,33.28257455541284,73.52773675122219,1007.6025351630038,11.836224850574805,0.4378047559594562
2026-01-27 06:00:00,24.92260611085554,69.84732817294474,1011.4828777257038,17.982205687908763,0.8314765365449188
2026-01-27 07:00:00,34.58865095838184,56.536433450091266,1012.3159239763379,11.828570761552985,0.2907838704087679
2026-01-27 08:00:00,29.525976304263033,58.56450167682538,1010.986461328156,13.820150063945142,2.4685209167173445
2026-01-27 09:00:00,28.71935679015774,75.29960817581161,1011.5565433672144,18.720928551575174,0.30881795635781095
2026-01-27 10:00:00,26.963686874219498,61.65224667893459,1018.4997868728819,17.107730417682806,2.2615941357266682
2026-01-27 11:00:00,25.03542998440269,60.96351536758003,1015.3577157611744,16.33409198147701,0.10922917109409774
2026-01-27 12:00:00,32.46951175188575,55.44877420650647,1010.9531779563251,13.304388603649807,1.0687507237191176
2026-01-27 13:00:00,30.219953901565212,69.23599065593461,1014.7065529038374,16.850305576344777,2.3750000822335053
2026-01-27 14:00:00,26.13011730077684,85.62524919243145,1004.8373804823623,14.381336599501218,0.18482401140114893
2026-01-27 15:00:00,26.11476368380915,54.32467085745727,1011.9896352497341,17.289028049628925,3.4522894362762613
2026-01-27 16:00:00,28.992645902129617,65.24219456672758,1019.0465317486655,12.51533987441011,0.6030932642193318
2026-01-27 17:00:00,35.00706457586818,79.12220555415429,1008.9097705230381,14.087155128102294,2.9135093309244207
2026-01-27 18:00:00,29.221225945909186,64.20358608754285,1005.7618303569046,10.05021103723993,1.1295459704403559
2026-01-27 19:00:00,25.49057114064568,69.52371796249734,1006.7395555570347,14.82496194996882,0.3589444743378659
2026-01-27 20:00:00,29.262770807742168,54.376064718531204,1004.5518348132881,10.944995681855776,0.20862757587292682
2026-01-27 21:00:00,29.181829290756987,69.28307097207649,1006.0761904593614,9.429767749190034,0.36202501037717133
2026-01-27 22:00:00,21.909340071175286,63.12855734995451,1008.1474595070498,16.293305739276942,0.09763202338712916
2026-01-27 23:00:00,29.837115400446564,74.85729995679863,1002.9721649041068,16.063698879288303,0.15533066980890384
2026-01-28 00:00:00,29.307196409373965,76.87386051564751,1010.078091669748,18.914368674742864,0.1105522363989297
2026-01-28 01:00:00,32.088619094440254,90.89563642018614,1014.5113858689332,12.844372152124505,0.5498151727917913
2026-01-28 02:00:00,35.54686828483604,70.79633173213576,1005.4612190992653,17.04026423418378,1.5875706349446999
2026-01-28 03:00:00,33.379695088643274,68.25796316582166,1017.5964196182089,17.753987861368316,0.15243296918962812
2026-01-28 04:00:00,29.19333392833551,66.94384301577335,1012.553960442638,17.223869039157975,0.13963044916895553
2026-01-28 05:00:00,26.68042227377499,61.46833707189312,1015.1529029281203,10.87173158598929,1.0312217588937724
2026-01-28 06:00:00,37.72007940974958,68.38483843461691,1006.7108272307394,15.746817411355945,0.21962846393892854
2026-01-28 07:00:00,30.177655302043465,62.04598589860971,1014.2726261353331,16.820701480273307,0.10270852209120489
2026-01-28 08:00:00,30.041787875738837,66.68460976269614,1004.5403304980234,15.03589233453971,0.1825398744702175
2026-01-28 09:00:00,29.92762473866999,78.17597535607959,1014.4512375041826,4.567611708144577,2.573493904753673
2026-01-28 10:00:00,30.594254282303567,54.934574347203586,1010.8591966989677,15.8024481198674,1.7230056418565403
2026-01-28 11:00:00,29.566918764228173,76.39878561129045,1012.7662560999239,26.06265519698621,0.43705572192019415
2026-01-28 12:00:00,28.27901397935929,78.17115067339866,1004.1220269718757,13.199803656215087,1.066592732084178
2026-01-28 13:00:00,28.359423176278824,63.81931473008921,1005.524650788617,11.359614510723395,0.7706238097116965
2026-01-28 14:00:00,29.901740189352005,43.78145100991405,1012.986141091267,16.86674279855699,1.1304877464462069
2026-01-28 15:00:00,28.369725686598706,58.921780129055676,1005.258259978879,16.561891052332857,1.147816668870851
2026-01-28 16:00:00,27.86146265196851,77.96994546561109,1012.3160314604957,20.96367582708207,0.990836532714697
2026-01-28 17:00:00,30.31929068307569,64.77131937701118,1003.1643109676987,8.710659220455561,0.30938436417915727
2026-01-28 18:00:00,29.235068347737435,55.00697767705089,1014.2408710633333,18.65690126287496,0.03978755136904316
2026-01-28 19:00:00,34.511978965748064,59.95225078771782,1003.8373834261574,17.952110306257318,0.6080099924140657
2026-01-28 20:00:00,22.047090574820963,73.40620026504553,1012.7614996883976,14.28926731529727,2.2161678354565493
2026-01-28 21:00:00,33.27452055576739,70.4673356820138,1013.12815466823,16.69343658960845,0.8428015870012388
2026-01-28 22:00:00,33.738255577492886,62.61067900830306,1006.5161409078521,20.147287407991787,1.7861216418966364
2026-01-28 23:00:00,23.779829302775553,61.33175588185313,1012.9101328354236,19.361576900142254,4.7824257519575655
2026-01-29 00:00:00,28.971937217758953,61.08241850956178,1011.3022113166678,9.284903439631357,0.17866768528615343
2026-01-29 01:00:00,28.885677402012625,55.77589815501497,1007.3057907190363,19.10079093377742,1.1769338056519867
2026-01-29 02:00:00,25.777464915846537,81.15375689469442,1004.9572265796189,14.676556974837407,1.121758836160869
2026-01-29 03:00:00,27.666549937227373,61.7767953078866,1000.1868715416371,15.364370490077578,3.9097978508358096
2026-01-29 04:00:00,26.668272463602513,77.17158520825497,1011.7482502364985,15.365984955008473,4.2405780426436115
2026-01-29 05:00:00,35.25681133027087,80.21316051922452,1002.1759861431897,14.2487850560087,1.1605258156366964
2026-01-29 06:00:00,32.80703517944238,74.9831089814796,1010.4767209972065,20.958537485535324,0.279204498156098
2026-01-29 07:00:00,33.814665284982475,60.683796872819514,1008.6827589195888,14.58141020075394,1.6022430483087757
2026-01-29 08:00:00,32.165016192129706,69.03730090336609,1013.3957138771909,9.402269358084157,0.1132013237341953
2026-01-29 09:00:00,26.61284468634831,64.75804393609084,1008.4897725025506,13.032350720151356,1.5173114506113388
2026-01-29 10:00:00,28.42643920116068,55.96298139269872,1008.3527610682645,15.893473584052378,2.410127143633191
2026-01-29 11:00:00,31.468123683683753,68.24359281721603,1013.6593535214415,21.146073921485254,0.48261626684036274
2026-01-29 12:00:00,26.333616573324164,53.20960208840198,1011.6752901454206,18.01547342474417,0.9959707625687814
2026-01-29 13:00:00,32.138995290517165,76.87679388461564,1011.5807797859139,10.74732360626478,0.5623693566980703
2026-01-29 14:00:00,29.279023805525593,60.35382702701607,1012.3463379490427,27.425949583394456,0.575835464825132
2026-01-29 15:00:00,28.875537577351206,67.0115965587284,1002.3221393839644,16.3238765548899,0.3716013463532872
2026-01-29 16:00:00,32.132879904610476,67.83287871546142,1013.7839433999349,21.376953689995073,1.4360293774129016
2026-01-29 17:00:00,31.33278993445812,62.410950262959226,1013.062343970068,14.241427832113855,2.751634823268175
2026-01-29 18:00:00,28.91710150254276,70.86693801475275,1004.9165843571175,17.666796223527246,2.8260040009194944
2026-01-29 19:00:00,33.477989410092746,60.25096343377476,1008.779597631629,19.197342522592024,0.1921068185401972
2026-01-29 20:00:00,26.75681001720031,73.71297297457244,1009.8034635618618,21.09097355877128,2.0773928389576506
2026-01-29 21:00:00,31.84780682083279,51.54020319753251,1009.3275160779914,20.286841526891124,1.3372430555351211
2026-01-29 22:00:00,31.779303773905152,66.26379579546412,1011.6692998328426,19.360985000364888,0.2914724477772956
2026-01-29 23:00:00,29.071360682058028,84.38928999058285,1017.1568339091559,13.424566344029458,0.06965517603524844
2026-01-30 00:00:00,30.978399066726354,54.99668675394425,1015.4088336383642,12.141269790219694,0.311971031263285
2026-01-30 01:00:00,26.24665927084409,58.222550294751485,1003.438904032843,16.663037551620988,2.432787595743212
2026-01-30 02:00:00,32.7720810576207,70.13907849658915,1013.1103499515302,19.665640361705346,1.0028804020557984
2026-01-30 03:00:00,29.44529359067103,66.79581781939598,1016.6446665976771,13.886396496116966,1.2767394335517257
2026-01-30 04:00:00,58.0,12.0,948.0,85.0,0.0
2026-01-30 05:00:00,33.147027677510664,69.89187130147664,1015.4549021259298,22.263083727430896,1.2707829011384242
2026-01-30 06:00:00,27.886968928371722,71.3472146856177,1020.0613522285038,10.418395404632902,0.028524488794425845
2026-01-30 07:00:00,25.77461611090932,76.09699841956223,1015.1185477305349,10.8153964810186,0.47051791470465665
2026-01-30 08:00:00,25.330112479428287,69.09818656928513,1011.2465429782086,14.298124705473318,0.9855158139154206
2026-01-30 09:00:00,31.81802985403692,62.58742345381457,1015.2254423704238,16.538063340945982,0.15793716599131583
2026-01-30 10:00:00,26.15871194251115,71.72573701202731,1010.7244391654845,12.377164931164746,1.7316257412276723
2026-01-30 11:00:00,35.2643825459531,83.99881934895215,1010.1195152164248,21.76101339433572,0.26792035947221265
2026-01-30 12:00:00,23.754211776348832,63.67366253617426,1008.2429288214313,17.120334307592255,1.0563609211055278
2026-01-30 13:00:00,35.089369104870116,55.254706953293585,1017.8170667941605,15.197235241203698,0.5195252603984793
2026-01-30 14:00:00,30.633052401607856,76.07080669286972,1005.90785667029,7.820452380657362,0.9064483164417831
2026-01-30 15:00:00,29.709860664388824,63.796188360464015,1017.6618386233906,8.420920917862464,0.11367336364613478
2026-01-30 16:00:00,28.36524273957315,43.27330453985964,1012.4993206187019,16.405046251409033,0.017057454652931802
2026-01-30 17:00:00,31.197408343056214,73.47421677150422,1003.0034691259903,4.3370218692258184,2.4031175865554864
2026-01-30 18:00:00,29.887095892725455,59.64671814046077,1011.8382464649571,20.063187048220357,0.3142040359331152
2026-01-30 19:00:00,33.309905646049565,64.0946671769584,999.4998674617419,14.209230778138398,1.7130056071587731
2026-01-30 20:00:00,30.34268294598612,68.31980330569014,1013.1275400841552,31.215464847973667,7.339000566875333
2026-01-30 21:00:00,30.450905284385634,66.90499679779066,1014.426157414945,26.539581253080552,0.23753569565479
2026-01-30 22:00:00,28.90916336335843,72.09451817139039,1007.0382202217397,14.092754653762416,0.3081171076850762
2026-01-30 23:00:00,29.829163128836797,60.645136294301565,1010.6177384797779,14.468314987343426,1.0872563747276573
2026-01-31 00:00:00,30.923405306676177,70.13105798176083,1019.7707871687514,19.97790757001015,3.365308210030412
2026-01-31 01:00:00,24.869494822030124,62.40453322416083,1007.4712664786903,23.515863049590187,2.4747307783204615
2026-01-31 02:00:00,25.955443733682863,72.38810480887503,1004.705462064717,6.8098547128199165,0.6989148216013418
2026-01-31 03:00:00,32.229792282068146,71.15367484013053,1017.408317012313,6.068122673226567,1.5852834081430325
2026-01-31 04:00:00,30.512596314383824,55.645612979554045,1019.812935952654,11.889825972228092,0.1458884019274092
2026-01-31 05:00:00,29.448049990941964,75.85982116175032,1010.0184783592392,17.91368791586932,3.791496368180414
2026-01-31 06:00:00,30.05530179919618,59.64036554885952,1015.0573151770418,17.484367952537987,3.3340968525337606
2026-01-31 07:00:00,31.042745116085012,73.08057798281145,1016.7073795776544,20.34885727491925,0.17880250537994094
2026-01-31 08:00:00,28.380720959071915,68.6728731340134,1006.287578837308,9.001512358173459,0.35585117590467247
2026-01-31 09:00:00,27.665085823793063,83.38183676795123,1007.5734708231606,3.4192806851556163,0.10553274994126224
2026-01-31 10:00:00,30.587535765293044,62.76534017628148,1016.1543725657737,19.290070976510727,0.31706639240307893
2026-01-31 11:00:00,27.064881667154904,61.506832038818025,1018.4250713935426,10.859018635173827,1.692579275317191
2026-01-31 12:00:00,31.224758267143415,64.80580394112268,1012.8144043008717,4.907560678056811,0.47532272203556325
2026-01-31 13:00:00,24.89224918728648,61.968202171657246,1005.6009282324898,15.725318729796909,0.0925506546599754
2026-01-31 14:00:00,33.08746691197693,72.9994190194205,1019.9353055584972,18.965878441093388,0.4188931492316493
2026-01-31 15:00:00,31.41779244723913,48.83689391563412,1007.3451455109401,14.389714339393613,3.9836980909056794
2026-01-31 16:00:00,30.768089202941628,54.46317580853646,1008.3243110941428,12.710758069087554,0.9933974908264566
2026-01-31 17:00:00,32.948072951836544,54.32197078420807,1011.7116891724481,14.203188839270467,0.538129927297913
2026-01-31 18:00:00,34.99642333338773,74.50307591973575,1017.7708021035738,13.147086187996086,0.18216778481419554
2026-01-31 19:00:00,33.04311019505439,82.10613372581925,1014.2698798827611,8.259764440299165,4.281406742462024
2026-01-31 20:00:00,24.477377306005064,63.955507814625285,1012.0743275018095,11.426596615047842,1.7195263050378626
2026-01-31 21:00:00,26.161269099792896,63.311782768099896,1012.3164426505905,17.606399525069072,0.330557983775405
2026-01-31 22:00:00,28.125544266912964,65.70052163113182,1010.2175733432173,16.6083927068825,0.07264456192996024
2026-01-31 23:00:00,30.0782731506325,76.6187830260819,1012.7906975725925,15.840299029834101,0.05829199921078439
2026-02-01 00:00:00,31.55297706140737,55.72646865809426,997.3521996115285,10.024257590733104,0.1282631792111805
2026-02-01 01:00:00,27.822768560539604,67.38368982734785,1008.5169627046511,14.092484189321665,0.8693322051155536
2026-02-01 02:00:00,30.560300293431236,74.7519762978243,1011.2066096745839,4.114674767785726,2.641748845373203
2026-02-01 03:00:00,27.73385120294003,70.01094169939846,1004.2449295819025,15.89238331942695,0.6866551554436495
2026-02-01 04:00:00,28.165446591024157,66.89581616598744,1011.9316165890579,22.144288539067837,1.8511622884076662
2026-02-01 05:00:00,25.78001670945533,75.01046092567141,1008.9776438950694,7.629339339789471,0.5903859558815344
2026-02-01 06:00:00,27.23030026166729,37.967677070007625,1018.7773784915775,12.070361633411224,1.2330019206786895
2026-02-01 07:00:00,25.944946183151,71.77875319530908,1017.8650986260743,16.64553389355065,1.3162935503107585
2026-02-01 08:00:00,27.072380241068004,58.45924316872576,1007.6709721544092,21.264213172137417,0.19111656684213846
2026-02-01 09:00:00,33.16092538982352,46.69367103143543,1009.2458114421665,12.758876918499253,0.44818900224314373
2026-02-01 10:00:00,27.15180333350417,70.11202599524981,1009.6302621719581,11.538748353670519,1.0141851785009315
2026-02-01 11:00:00,37.897146194512175,78.73658545162958,1007.7417026192019,5.155384287919585,0.07332001456471235
2026-02-01 12:00:00,31.479953702642668,63.62551485372308,1010.9751249201406,15.517190646540532,0.4486965463877523
2026-02-01 13:00:00,30.554508371084623,74.52874547202939,1006.208589655562,25.21038020071872,0.7652867110493616
2026-02-01 14:00:00,27.42492665945636,81.12278257988646,1004.3469233253123,16.38679230982338,5.579220612486673
2026-02-01 15:00:00,32.10092963822697,78.14914453584048,1013.1135561195014,14.888605104081433,0.6434689586827806
2026-02-01 16:00:00,28.27308652128668,81.39964529371393,1013.1476479211091,16.61041155383493,1.6931280315353634
2026-02-01 17:00:00,30.366029443936085,72.42127491071892,1005.9784212017,14.94453998025699,0.5657523269022081
2026-02-01 18:00:00,37.68025361480638,65.75433638901593,1014.476777153813,10.934928138699352,1.5915524286430596
2026-02-01 19:00:00,29.71182030082605,48.980341881028316,1006.8421113541733,19.116399578388528,0.9048929382595186
2026-02-01 20:00:00,33.44781997885703,62.53937511870051,1011.26582619019,16.12880761555877,2.17679369010487
2026-02-01 21:00:00,27.89047072462234,56.567534046838084,1014.1017200630623,15.088066259668286,0.5292315658763624
2026-02-01 22:00:00,29.895034528509115,86.70942717497815,1009.8319371764815,10.123169863608751,0.9271101002803287
2026-02-01 23:00:00,35.31240190690653,63.24114187567663,1012.2737045607057,21.517539659673794,0.9943027627774298
2026-02-02 00:00:00,28.119098826636698,66.23204806784486,1007.4178517805622,18.32351372666555,0.540225155449243
2026-02-02 01:00:00,35.437345673990784,70.51485376040468,1009.0176670828595,12.235395813163489,0.15584950631825148
2026-02-02 02:00:00,32.12325580636643,65.43602446372454,1008.9707028455983,20.009124268409685,0.09822978531124464
2026-02-02 03:00:00,28.312599672317198,81.95051040430752,1006.2671082672988,12.512145808073964,0.016812085040206676
2026-02-02 04:00:00,31.897223217166562,58.77350638265548,1009.1161291844211,11.089982537444815,2.067783871103267
2026-02-02 05:00:00,32.91766334888019,66.94607455237242,1002.2569085056813,11.201484412598564,0.2698092959748756
2026-02-02 06:00:00,31.86542988665159,57.57529414301952,1007.5442312642895,6.144657234559544,0.23763143226281563
2026-02-02 07:00:00,25.28932584032863,51.79977488779294,1008.5756225331517,17.35771190209103,1.3319402773500024
2026-02-02 08:00:00,27.818588472525395,58.882309090947146,1008.7191012375231,5.84427560830825,0.3856861768094852
2026-02-02 09:00:00,29.257444093345487,64.62963202951588,1008.7925127706461,8.857780843671186,0.7053102363562191
2026-02-02 10:00:00,29.776699712699862,60.7069777548274,1009.6911790006993,4.622059954607334,0.1773472276656689
2026-02-02 11:00:00,31.862016292652033,58.07579020126144,1012.3972075904303,14.569651536045535,3.212538981685402
2026-02-02 12:00:00,30.533103002799763,50.93682536328166,1014.3725853706626,14.24839769864064,1.9077186192917899
2026-02-02 13:00:00,25.993966923869696,64.16894427371305,1006.7511738657587,13.36651893406818,1.9935546984847479
2026-02-02 14:00:00,31.14059355301789,49.952796259689975,1003.9839957230542,9.787111526647118,0.5221794157730675
2026-02-02 15:00:00,31.83175723585147,72.60055963689602,1004.7897779387845,9.1388312328168,1.4370034628429897
2026-02-02 16:00:00,31.679371343793118,65.82439752934503,1007.5639853940254,17.32184931773287,0.15534023502232128
2026-02-02 17:00:00,33.24234217666387,50.4244850053507,1008.2403934109175,12.247240341457562,0.008656361011053939
2026-02-02 18:00:00,32.50176646364671,61.907909229501364,1006.1500196690127,16.581791607680724,0.020175087880600958
2026-02-02 19:00:00,31.37754023768531,57.478435944094166,1003.5194166787505,10.573756569378887,0.8833438344635727
2026-02-02 20:00:00,29.78950286562406,68.19174510419181,1007.7193958626291,15.905313713855412,0.6076943437512392
2026-02-02 21:00:00,25.017117199452024,78.40450446023145,1010.9071331005698,21.516390186580317,0.7298430096471216
2026-02-02 22:00:00,31.288854657397756,46.248275303542556,1012.9751473291778,17.930829001963918,0.007491128991723804
2026-02-02 23:00:00,30.623063061489333,66.15026079147417,1007.2128847344584,12.937930908917599,0.5493700397326482
2026-02-03 00:00:00,30.81473651158612,63.398672044333594,1007.9350108892828,16.285994851779638,1.2660899436457511
2026-02-03 01:00:00,26.169754272539073,71.71340076450466,1005.3665084557634,13.796674127348934,0.5846402834969434
2026-02-03 02:00:00,26.756830378775213,67.1319662823769,1009.8428041481261,15.039400923473641,1.31758656716264
2026-02-03 03:00:00,33.15945855999871,57.48030668261181,1005.757856829046,13.371944739257483,0.26529320334016115
2026-02-03 04:00:00,29.881334538430036,61.80946064333382,1012.865639066206,14.178323970573045,1.6774063328595237
2026-02-03 05:00:00,32.044502092117874,57.03974143196511,1001.0706675403294,16.060466765370876,0.8877791779354787
2026-02-03 06:00:00,30.084955128391382,75.76007138598598,1008.2018516377377,10.033206502090247,0.23668874899555975
2026-02-03 07:00:00,30.089268418487237,65.21311648671943,1011.5055366959587,9.920605865050108,0.2701309659716003
2026-02-03 08:00:00,32.81485141792799,84.01190685753008,1010.9191725816125,8.057287230843944,0.9889433220666194
2026-02-03 09:00:00,28.45186581534788,64.39339186185379,1023.4651683199024,6.9986444774814505,1.771601571003615
2026-02-03 10:00:00,30.28836233082295,57.91593233089537,1011.7490001228396,8.913586538897604,0.5372171396421201
2026-02-03 11:00:00,28.613174133884872,49.862856073871725,1004.97972701579,15.797312534020646,0.2988110088127895
2026-02-03 12:00:00,28.696511317703052,46.96860323744055,1009.5226787645546,10.53606242254058,2.017493424573146
2026-02-03 13:00:00,29.072483629594082,49.158640569945106,1001.1187683326677,17.56807232115548,1.1064477813737863
2026-02-03 14:00:00,30.666401314901137,67.67126651011483,1009.5970012535162,15.173568743762809,0.5943621129648129
2026-02-03 15:00:00,28.563754135009567,70.08725023229934,1005.8347197149963,5.157478932809731,0.6692357418441129
2026-02-03 16:00:00,33.767268376720565,49.188092979678665,1014.5769513778008,18.274877921108448,0.22847834095400027
2026-02-03 17:00:00,27.316178093341488,73.95038314076115,1007.2522986270224,19.05399322795855,0.9856478573672319
2026-02-03 18:00:00,29.43938506751592,60.1693894831656,1009.4161704210238,10.030686625825734,0.4443242031000813
2026-02-03 19:00:00,28.680806825177477,66.4679301198555,1006.822210792978,17.10095771447496,5.436471237663443
2026-02-03 20:00:00,34.3409336530612,81.12220628255425,1018.6942567592666,10.717508812954005,0.6542794436606219
2026-02-03 21:00:00,30.589664329534724,73.96839315865532,1008.3937861694104,15.488351883741677,0.6653094822375598
2026-02-03 22:00:00,33.0955336184059,62.314693520941674,1019.162785217396,8.677507965225171,0.8343692995187889
2026-02-03 23:00:00,25.543318880889082,56.08807774584713,1014.0707588105913,6.034467737327116,2.4859792622560963
2026-02-04 00:00:00,30.801150797607775,43.48184598670695,1012.4103336366769,13.085914051935157,1.6135368007096593
2026-02-04 01:00:00,32.66889238687031,57.8084668075758,1011.8436657365876,14.38135526862582,0.5998937868504367
2026-02-04 02:00:00,30.246851967826274,62.88869761172305,1011.9689864910813,13.01160153192698,1.2683309540791226
2026-02-04 03:00:00,33.19644112519605,55.12820472848816,1000.361637103272,9.079847208887202,0.8824583046410203
2026-02-04 04:00:00,28.448134649698883,63.68743032907695,1008.6055830292462,13.000504689344314,0.6779966293726646
2026-02-04 05:00:00,34.22804232055674,65.76851882958768,1014.2257898559216,16.34647376290367,0.21358410474777548
2026-02-04 06:00:00,36.89669437085775,62.751440181919214,1009.7555140826295,14.775534849387315,0.6235022135159871
2026-02-04 07:00:00,28.911484318681023,58.4999741917654,1002.9740507659822,15.912505152996067,0.28212233914808726
2026-02-04 08:00:00,28.663492435797686,66.68654671966728,1009.7379777471126,11.649423997728835,2.4632486841282004
2026-02-04 09:00:00,34.360153431353105,69.41940649569409,1018.5205275812774,20.858589573580797,0.4085801751399959
2026-02-04 10:00:00,34.73871643719214,54.096009225571535,1016.2344585776736,9.119133317226098,3.042069753215484
2026-02-04 11:00:00,28.431419918540193,79.10932379746271,1009.6899799531699,17.437801485433592,0.7615444225294775
2026-02-04 12:00:00,28.73943954871243,64.01411867715738,1014.7572463852904,20.90945546479981,0.9984350052052564
2026-02-04 13:00:00,29.154646173418477,65.18849622944848,1008.1674648981598,17.40454046374448,0.7829415781745411
2026-02-04 14:00:00,25.96664846689717,72.08214423256557,1001.4806420658664,13.98737886467585,0.13855038611763798
2026-02-04 15:00:00,27.244044160547404,67.33216131263502,1005.3776700593522,12.358514766685104,0.47131844364819403
2026-02-04 16:00:00,26.987577699743795,74.53136633913245,1017.814443842541,20.18043825523128,0.10441220131407042
2026-02-04 17:00:00,27.696607304687614,67.87124165201824,1008.6300345908535,7.8851253736916345,0.975388200245351
2026-02-04 18:00:00,29.895945337839656,58.87562625359562,1008.7830801031249,10.149378698101781,0.5921698082161454
2026-02-04 19:00:00,30.702644197609562,68.61503525206102,1008.5008090186255,13.012211172541393,1.5050102037746924
2026-02-04 20:00:00,34.65150147844223,53.56273792679338,1019.520682947865,21.18826878755999,0.24906472205362645
2026-02-04 21:00:00,27.004937877783625,66.08559705776523,1018.1297945768104,16.89883818020448,0.17980399861983345
2026-02-04 22:00:00,32.95296719542975,64.6677000935554,1021.0939011672407,10.159771207448774,0.5214354274792677
2026-02-04 23:00:00,29.358033467323473,62.918831427274604,1009.2047739479998,13.448461473075481,2.6116322244729955
2026-02-05 00:00:00,29.8516088710427,63.71462488561069,1011.4781224437355,11.928384279518529,1.2393299493894105
2026-02-05 01:00:00,32.02445847649981,46.18150954502361,1002.416787252896,11.451055038832324,0.542873076024237
2026-02-05 02:00:00,26.631833935313104,59.512750922590385,1017.3846721305914,19.894447792783897,0.7283022826106168
2026-02-05 03:00:00,31.147229238552153,65.92844901141115,1004.1611022436604,8.141284353682472,0.08797148630394105
2026-02-05 04:00:00,30.49935662463917,66.598563919974,1011.0838778188131,23.043904278671867,4.1718238227828515
2026-02-05 05:00:00,31.47735379202445,54.72324859074042,1004.5134873618358,19.141148450923115,1.0978345053047815
2026-02-05 06:00:00,30.867505931723453,77.65707840864701,1007.0556658663065,20.45430835301849,0.336038026752755
2026-02-05 07:00:00,37.36590041973268,56.33825151785499,1005.8136878447515,12.685302439873709,0.8814265963178635
2026-02-05 08:00:00,28.08678004724605,74.69457200526736,1006.9606236966209,14.250296404604454,0.11595237416773536
2026-02-05 09:00:00,28.407009134994546,69.27194361871685,1007.3043864842551,7.83424092737644,3.3766023974738735
2026-02-05 10:00:00,0.0,99.0,1065.0,3.0,70.0
2026-02-05 11:00:00,28.333568642519236,82.75310892609512,1014.1666695589015,17.468274238215756,1.0442102379321903
2026-02-05 12:00:00,28.087838618080447,53.0636316824352,1004.4756860346874,21.48031530890698,0.28163964810765985
2026-02-05 13:00:00,33.56704959332266,74.19154173610002,1011.1027071350693,9.464215915987742,1.264294035716798
2026-02-05 14:00:00,34.26151274396956,75.00582318042979,1016.0897957615277,13.17247031507367,1.499782784420787
2026-02-05 15:00:00,28.287761118751572,58.293797909233554,1007.434018177433,14.243503898837389,1.1190795072251305
2026-02-05 16:00:00,27.502933280687316,78.92465300064329,1006.410405546262,8.021053989037574,0.9532126858635009
2026-02-05 17:00:00,31.414246669159212,62.49953485401047,1008.8473768740987,17.956746208792,2.229976974613263
2026-02-05 18:00:00,28.343330867157086,67.88693629279857,1015.8986260418036,11.380048341286955,0.08189001647048279
2026-02-05 19:00:00,31.898795453266533,67.6032183877122,1010.9705381547668,14.02304824411488,0.4018438215585191
2026-02-05 20:00:00,30.6087690625539,63.65691258529452,1007.343928526962,12.740253140440611,0.2854013148656487
2026-02-05 21:00:00,25.452767655008305,73.10808273159782,1012.4193832559401,11.053307471401627,4.424012812043892
2026-02-05 22:00:00,34.642515603990184,72.93488720552213,1004.4885392508179,14.964775072597227,0.49329646064075594
2026-02-05 23:00:00,35.38763301928657,47.51468026761819,1013.4067975522147,13.921952107159889,1.3190571069917871
2026-02-06 00:00:00,28.16163392854684,78.04340242878152,1012.0430365385089,13.140710588606673,1.1543105249436947
2026-02-06 01:00:00,28.83689532019205,48.37508011964326,1008.4609576443056,11.357691891598286,0.23836028768413503
2026-02-06 02:00:00,30.857596172174716,75.32546204341658,1005.8070710077639,16.597623353914777,0.2731188727828521
2026-02-06 03:00:00,31.003370369961075,76.26705136827583,1005.5665953885828,23.268086342461423,0.33028977644847474
2026-02-06 04:00:00,31.97563281801849,54.09033569784802,1012.6740866817296,15.699436164195637,0.529545210803004
2026-02-06 05:00:00,36.03061361629905,60.891857120454155,1016.1449025124454,19.980591074555644,0.26699756700097926
2026-02-06 06:00:00,29.469158317517852,53.94295331514064,1006.8134612648561,8.048890374232688,0.019847140688670828
2026-02-06 07:00:00,27.60510826638464,62.850789697112646,1012.2919335177575,15.788807196468847,2.115218424266621
2026-02-06 08:00:00,25.86204231595642,61.919657158142584,999.5648649069897,9.513158405144667,3.369984551406164
2026-02-06 09:00:00,27.80720988017424,72.7966053226934,1007.076911346714,7.615375362340493,0.417897653461169
2026-02-06 10:00:00,29.900619081378608,78.10308746119608,1009.8447053356455,11.303142962704818,0.4132556952173689
2026-02-06 11:00:00,35.383673590553364,78.95683810789956,1005.4515829150909,20.959496672067864,0.007117079205984536
2026-02-06 12:00:00,28.447166102891487,59.37831973421698,1005.3174681260521,19.750079143348227,1.140217991239729
2026-02-06 13:00:00,30.671363854916695,62.90778126255472,1006.6611022176555,16.215023610272,1.7454861596738422
2026-02-06 14:00:00,29.950731311781745,48.1656180777905,1011.4609636416319,7.336497200550346,0.1585366345000549
2026-02-06 15:00:00,33.565179820344255,56.94129933503811,1009.0633549079681,14.018596743060316,0.17395626287471563
2026-02-06 16:00:00,37.58079727762087,74.64851633097457,998.8088438333751,16.50850004450868,1.5610442552986117
2026-02-06 17:00:00,28.40739368123904,81.15582823548232,999.3964992368246,15.87768114789299,0.9578701703549253
2026-02-06 18:00:00,28.531681672445334,52.65651128120078,1006.9656741107141,5.781032082596271,0.04589793620499067
2026-02-06 19:00:00,33.13248263120722,59.075357408471056,1012.2884329302677,10.54841075990064,0.9743091960868718
2026-02-06 20:00:00,32.045674468878936,64.73594243041073,996.2624757863738,14.679611179256417,0.36949639261205763
2026-02-06 21:00:00,35.5401219772081,67.80161158819607,1007.5013491192418,17.68145454758595,0.4600139414971132
2026-02-06 22:00:00,31.751784555977892,56.90396480078354,1007.3687607174129,4.019360894500268,1.4685089048092959
2026-02-06 23:00:00,28.922123727638823,69.2406104446409,1016.9416888910422,14.189380122600708,1.6656654267857491
2026-02-07 00:00:00,31.77196449207693,60.26160652929084,1008.0748909414357,15.715243849394762,0.5114201785450442
2026-02-07 01:00:00,33.32611074174872,64.85547729121721,1011.9149449237046,19.248059942581065,2.940353121782458
2026-02-07 02:00:00,32.46144654359209,70.462842480037,1010.7062857004373,18.464287921187182,0.521655249638398
2026-02-07 03:00:00,31.521822093321894,65.06422269810938,999.347167600964,17.912856594044026,1.4776907647600528
2026-02-07 04:00:00,33.20002406876746,60.63614109473431,1013.8410360831587,11.000297466490329,0.6614106824130387
2026-02-07 05:00:00,33.50788677133702,63.90390196074169,1011.0769825272814,5.459989314383462,2.278207910849886
2026-02-07 06:00:00,34.146476973112584,64.11637040794665,1012.5413431983729,13.034736214692995,2.3833748858765222
2026-02-07 07:00:00,31.94612966276893,61.29988970117872,1029.6311885321816,20.0081591260428,0.09147602822482633
2026-02-07 08:00:00,29.498645759049438,62.41203937332897,999.579435302507,21.96727263762216,2.7566103598609697
2026-02-07 09:00:00,30.440141059299968,80.98647170504717,1018.6234832488055,18.552745511488926,1.746030222148782
2026-02-07 10:00:00,33.61952689952507,70.6091944794124,1008.5627624029983,17.14670411400867,1.566908804562153
2026-02-07 11:00:00,27.549192987038293,62.045196819708394,1011.4366445220151,16.898198241929826,0.22428337527370282
2026-02-07 12:00:00,31.106019926618703,71.96954404510736,1009.7724387734938,12.219406266196097,1.635367234301898
2026-02-07 13:00:00,28.819983563017917,61.6618051024399,1007.8788183330098,14.3496985322319,1.8980052745393985
2026-02-07 14:00:00,30.086234468804452,76.73124637586642,1007.1508353588063,23.345347629131656,0.34129431239945185
2026-02-07 15:00:00,33.835355587821894,68.69642192198094,1011.6475436778651,10.287209971040618,3.0419872995123423
2026-02-07 16:00:00,30.57329720405971,63.92697855995771,1002.4141315166416,23.07389395354926,0.05114609090584548
2026-02-07 17:00:00,30.139309644468447,69.47716925810278,1013.7528958376088,13.389859227539707,0.16241217431059465
2026-02-07 18:00:00,25.920431577060242,49.291238479315005,1007.9190279755737,21.62716054547539,0.7712841710448314
2026-02-07 19:00:00,32.23876069808166,53.73232531090195,1004.3496533047983,7.965924952512308,0.8575324885939447
2026-02-07 20:00:00,31.936452543423226,53.060749936009444,1007.749935710021,17.929521005823247,1.0360603487607947
2026-02-07 21:00:00,36.489764169916384,66.42943094763707,1016.2857460843129,11.31614932026189,0.01711475476599438
2026-02-07 22:00:00,29.076665295140998,82.32514999485092,1007.3233245649188,7.923664040379062,3.2280874878124837
2026-02-07 23:00:00,30.65745098299182,87.31300146192632,1011.7922680910481,16.092670212054728,0.045612714982884564
2026-02-08 00:00:00,30.748151051132265,71.38051101440757,1006.3452186214226,20.047358942979844,0.15438965322309528
2026-02-08 01:00:00,34.732359839290424,70.00844474944456,1013.7896092496181,10.775292807032518,0.014113648145154341
2026-02-08 02:00:00,29.714113402839143,46.989422658472606,1013.427538693951,7.504920197707994,0.8366906605206098
2026-02-08 03:00:00,30.83706457731102,59.57326200265978,1019.243044166482,14.540776178325224,2.692180059445733
2026-02-08 04:00:00,31.82368952914962,57.12216248091761,1009.1221802725039,14.562823356114095,1.0964561131275943
2026-02-08 05:00:00,30.559827369469076,58.79152401748884,1013.3432740237895,17.741598137772492,1.7296722101825024
2026-02-08 06:00:00,28.660699156348414,63.318561814152105,1010.4903376976947,19.747972856822443,0.013370187395304687
2026-02-08 07:00:00,30.582269978694924,60.27909422302873,1016.4793589093151,14.70292409363753,0.7809194982199996
2026-02-08 08:00:00,33.220895249579314,45.20700189624212,1006.4058380619564,24.277516573971315,0.6153771658155213
2026-02-08 09:00:00,26.92045410176682,72.47910256117534,1013.7250265643864,16.12117372267646,0.6910851963529034
2026-02-08 10:00:00,30.398909022440627,54.27256974260193,1009.0265135194165,13.267867469965502,0.0749532981636098
2026-02-08 11:00:00,27.89963755518248,67.39246864111149,1009.6790591144575,6.94216320448586,1.1533917402336509
2026-02-08 12:00:00,33.58513988677453,85.74082669749973,1010.4587624222419,13.686702398419161,0.6996088419178135
2026-02-08 13:00:00,25.430439285648674,55.80615408413577,1011.2612019821333,13.318065272944319,1.44880336918778
2026-02-08 14:00:00,28.323234458185233,39.697124772536704,1009.4188547843902,19.80152398140735,0.6641528756009293
2026-02-08 15:00:00,31.131635625193564,62.139957781198895,1011.0735659158527,17.31241812033427,0.16179170719559097
2026-02-08 16:00:00,34.69657208770302,76.00959634998571,1017.8905902878109,9.103154391836913,1.0448543531271235
2026-02-08 17:00:00,29.802749216781038,84.58347454220593,1014.927248428076,15.861271932055187,0.18920885439824714
2026-02-08 18:00:00,28.334401419920404,52.70450405547583,1014.3457729624845,18.357655858645266,2.0588123020419102
2026-02-08 19:00:00,35.64347120832177,69.96699223236521,1007.7223023698806,22.640156796939163,0.949630990421305
2026-02-08 20:00:00,25.65595829875127,60.34689543219947,1005.5537958588584,19.437519837070298,0.17103020498506682
2026-02-08 21:00:00,23.403582130139753,63.94051645695864,1014.7765027911888,18.80423327155739,3.2791051766586823
2026-02-08 22:00:00,31.32004335016,91.44343347017035,1014.380233962649,15.300429973075818,0.7305696752151296
2026-02-08 23:00:00,28.493837326942167,49.970296716048466,1017.3633533787549,16.941560027117248,0.075692174509366
2026-02-09 00:00:00,26.93630154860786,67.53739661494573,1006.9800968701538,21.247524503530794,0.9857289822107594
2026-02-09 01:00:00,32.12506934189806,69.67693171765433,1008.8522567231983,8.336113012601752,0.2919564037548615
2026-02-09 02:00:00,30.731402141313595,75.85786324939347,1001.8025791873729,13.25280336391522,1.6280778205245576
2026-02-09 03:00:00,28.307764107789815,65.97983153470895,1008.0376444696956,11.137156256218796,1.7027714516941885
2026-02-09 04:00:00,26.159086803987318,68.08050539504103,1014.9828525528973,16.89576559363062,3.860729114137212
2026-02-09 05:00:00,32.61737198484043,61.08351432578209,1007.667523103859,21.151110878253938,0.696893250375225
2026-02-09 06:00:00,31.950603533875984,67.69126941245108,1013.2023989760041,12.01512856639463,0.6068903676830766
2026-02-09 07:00:00,29.70247240866185,61.5680772450259,1009.047484470011,3.0484781626528097,1.4002943266900159
2026-02-09 08:00:00,35.539910988143,71.21571889856051,1011.6202851411078,12.93889627487765,0.1421059421907458
2026-02-09 09:00:00,26.78974570102154,61.30389663956366,1004.2615430509217,19.567368660087034,0.7916766671208308
2026-02-09 10:00:00,25.423424487225784,68.77100393902187,1010.4260472481695,17.688149514749398,0.7902036044492414
2026-02-09 11:00:00,27.924275790356266,64.70737186315021,995.0443201454964,17.140931239052883,0.09373186109627052
2026-02-09 12:00:00,29.863241950933507,76.26050250772168,1009.06551920919,13.6000334906276,0.5412574871347138
2026-02-09 13:00:00,30.730018347968077,64.48606276411513,1001.8476337814243,8.604846318901068,1.919261976619523
2026-02-09 14:00:00,29.27629182643101,47.26967531793119,1016.0299725827341,17.576471608122336,1.9390093682703646
2026-02-09 15:00:00,31.05616618954289,77.61921500713991,1013.8870367638226,10.828590949826875,0.10451383521476149
2026-02-09 16:00:00,26.24538172742867,55.94267699137381,1012.3333549098304,25.920483666902282,0.09510317225448017
2026-02-09 17:00:00,34.331293812219776,58.4623366135118,1017.6050311357969,17.85253604177258,0.30475427946301187
2026-02-09 18:00:00,29.753546464822293,59.04338705956508,1005.2554173958758,12.096758487230245,2.0775717911851803
2026-02-09 19:00:00,33.351887494764384,78.74438093170818,1018.7368159895777,11.943073763056859,0.13800146575840963
2026-02-09 20:00:00,31.02817603913311,43.64325786021304,1014.660957821302,14.535278966932058,1.272954256690394
2026-02-09 21:00:00,31.37025965746135,96.37748533659993,1008.8172235639053,13.80249038989125,0.10665648797073594
2026-02-09 22:00:00,31.70930184069661,75.56056809066052,1015.6781007359148,20.584168877649773,0.975875818212531
2026-02-09 23:00:00,31.343125680051944,67.23238914129159,1004.4685324379418,15.932080848720231,0.440161060076273
2026-02-10 00:00:00,31.92816827960263,64.45105999383713,1005.8774291923617,11.34184130545736,1.555489470161351
2026-02-10 01:00:00,33.98745759039729,67.85554074857657,1006.9570513838015,24.45220342577891,0.26616907706852944
2026-02-10 02:00:00,30.589563509104412,70.21122428379338,1007.35511145968,15.246541657601114,1.0194365611778085
2026-02-10 03:00:00,32.127011272765536,71.45215585950056,1004.7172117861987,18.844198379844485,0.2687720454647362
2026-02-10 04:00:00,29.73079291713832,70.55604466003449,1016.1154153354767,11.958867462776205,1.25057635177767
2026-02-10 05:00:00,34.32035164634842,65.8958068125525,1008.7057279981508,16.815578138722618,2.0689213499470283
2026-02-10 06:00:00,27.97082309382219,63.02661579692674,1011.7625248417844,16.555549955715975,0.13559271469184236
2026-02-10 07:00:00,35.40282129873245,63.487267163464885,1007.1482431679316,5.551753539519236,2.014370826648837
2026-02-10 08:00:00,29.87952614806697,63.05091719647319,1000.8969834972575,25.0763755523032,0.9003564948429715
2026-02-10 09:00:00,25.707674693645856,76.33770096867065,1011.3502867919572,21.453222304612737,0.13594629571954328
2026-02-10 10:00:00,30.38431324473237,70.93556722280861,1000.4387251229011,13.014023419270062,0.5578156560250175
2026-02-10 11:00:00,27.95684502757536,35.59611365335719,1009.6568297695727,9.488651297720722,0.17537807086470178
2026-02-10 12:00:00,32.52193064696617,71.55900776529761,1003.1584248058359,16.73780806901776,1.2051331067717732
2026-02-10 13:00:00,28.04212806209283,66.94736194718774,1019.9363799961541,15.433488497071982,1.4224113350374883
2026-02-10 14:00:00,28.66144970035566,64.81291243554102,1014.5568136108736,16.778344742816145,0.11182192374809163
2026-02-10 15:00:00,24.331377807163406,61.11481546911114,1010.5287689563575,15.957886980970448,0.7055029044960639
2026-02-10 16:00:00,28.64308104225277,76.24112719986013,1016.3185333882733,17.53120494652963,1.6853747807542534
2026-02-10 17:00:00,22.72836202011313,74.47526462122858,1005.7684201126713,22.236528496959032,2.7514229703182407
2026-02-10 18:00:00,25.24829152954283,57.27122332176391,1012.7173968933505,17.840516025643232,0.7205551030906233
2026-02-10 19:00:00,32.28124396843289,69.07052287124534,1010.9990521685936,9.751722505450294,3.001332397244468
2026-02-10 20:00:00,32.357400475952495,55.28343265458714,1011.3201004066683,21.81281426356226,0.7672006290284822
2026-02-10 21:00:00,31.276372685354893,51.203818352110694,1016.3617675005338,23.203072817441438,0.5011896898549628
2026-02-10 22:00:00,27.09907157061236,58.73282775410035,1013.662460513899,30.760283672560426,1.8852120239358592
2026-02-10 23:00:00,29.85686593157406,73.62393472382759,1011.4436183141252,9.38252983380201,0.6792101743118284
2026-02-11 00:00:00,29.989192382728294,74.53125045376086,1001.7255628188585,16.214410065751373,0.6384743732372303
2026-02-11 01:00:00,26.52490593242237,70.13085420097293,1005.1997685236026,4.589506484055065,0.6739574653890302
2026-02-11 02:00:00,34.510194905301454,72.25095786847997,1009.3864553320213,17.765745781896044,1.8759131274448928
2026-02-11 03:00:00,32.63208687172701,70.16178287114958,1010.4668618713832,12.258998509166137,1.7834433939625092
2026-02-11 04:00:00,29.337107478511008,58.585184047770476,1004.3489813766304,24.617228974124764,0.5167095542509633
2026-02-11 05:00:00,30.080657516983592,69.31922544673941,1022.0583833778921,11.126925149907091,0.4054148991744415
2026-02-11 06:00:00,30.625148423842656,73.00409525227683,1017.5819702762678,6.554084810163692,0.6771321564776775
2026-02-11 07:00:00,23.87479539472713,72.54291329813574,1013.0105916019625,12.6436812964874,0.8504386435401979
2026-02-11 08:00:00,29.25846785243821,76.88913371474644,1010.3601843064188,5.122561143914313,0.2722513548749383
2026-02-11 09:00:00,27.954047256006604,72.08303847201064,1008.9389551504943,18.75549727253655,1.5796610985976003
2026-02-11 10:00:00,26.995139970315254,68.51448207541583,1005.2404076998888,4.674584768718397,0.6664716878250678
2026-02-11 11:00:00,29.156699121342136,75.70150238316427,1010.3874025925943,15.142287905915794,0.40653400180148075
2026-02-11 12:00:00,35.39305958054857,64.7347874075094,1011.2887627007137,4.610940900719015,0.1129682623868175
2026-02-11 13:00:00,31.92252858380103,56.18125348772282,1003.7911971225918,13.398510977316791,0.2729184732281616
2026-02-11 14:00:00,28.28646303065161,63.36933036056236,1011.6708820862245,23.21689077902267,2.981458071564506
2026-02-11 15:00:00,31.717748344068475,57.55097355193551,1009.2237047558763,16.803239457178975,0.3639868779777241
